#
# A fatal error has been detected by the Java Runtime Environment:
#
#  EXCEPTION_ACCESS_VIOLATION (0xc0000005) at pc=0x00007ffc9ca2bdf6, pid=15148, tid=15708
#
# JRE version: OpenJDK Runtime Environment (24.0+36) (build 24+36-3646)
# Java VM: OpenJDK 64-Bit Server VM (24+36-3646, mixed mode, sharing, tiered, compressed oops, compressed class ptrs, g1 gc, windows-amd64)
# Problematic frame:
# C  [glass.dll+0x1bdf6]
#
# No core dump will be written. Minidumps are not enabled by default on client versions of Windows
#
# If you would like to submit a bug report, please visit:
#   https://bugreport.java.com/bugreport/crash.jsp
# The crash happened outside the Java Virtual Machine in native code.
# See problematic frame for where to report the bug.
#

---------------  S U M M A R Y ------------

Command Line: -javaagent:D:\IntelliJ IDEA Community Edition 2024.3.5\lib\idea_rt.jar=53438 -Dfile.encoding=UTF-8 -Dsun.stdout.encoding=UTF-8 -Dsun.stderr.encoding=UTF-8 --module-path=C:\Users\Asus\IdeaProjects\FlowerShop\target\classes;C:\Users\Asus\.m2\repository\org\openjfx\javafx-controls\17.0.6\javafx-controls-17.0.6-win.jar;C:\Users\Asus\.m2\repository\org\openjfx\javafx-fxml\17.0.6\javafx-fxml-17.0.6-win.jar;C:\Users\Asus\.m2\repository\org\openjfx\javafx-base\17.0.6\javafx-base-17.0.6-win.jar;C:\Users\Asus\.m2\repository\org\openjfx\javafx-graphics\17.0.6\javafx-graphics-17.0.6-win.jar -Djdk.module.main=ru.nosova.flowershop ru.nosova.flowershop/ru.nosova.flowershop.MainApplication

Host: 12th Gen Intel(R) Core(TM) i5-12500H, 16 cores, 15G,  Windows 11 , 64 bit Build 26100 (10.0.26100.8328)
Time: Thu May 28 21:27:46 2026 RTZ 2 (s 11 , 64 bit Build 26100 (10.0.26100.8328) elapsed time: 16.171841 seconds (0d 0h 0m 16s)

---------------  T H R E A D  ---------------

Current thread (0x00000259192b2d30):  JavaThread "JavaFX Application Thread"        [_thread_in_native, id=15708, stack(0x000000a1d8c00000,0x000000a1d8d00000) (1024K)]

Stack: [0x000000a1d8c00000,0x000000a1d8d00000],  sp=0x000000a1d8cfdfc0,  free space=1015k
Native frames: (J=compiled Java code, j=interpreted, Vv=VM code, C=native code)
C  [glass.dll+0x1bdf6]  (no source info available)
C  [glass.dll+0x1a871]  (no source info available)
C  [glass.dll+0xa395]  (no source info available)
C  [glass.dll+0x17bb]  (no source info available)
C  [USER32.dll+0xc396]  (no source info available)
C  [USER32.dll+0xb6a3]  (no source info available)
C  [USER32.dll+0xb454]  (no source info available)
C  [USER32.dll+0xb23f]  (no source info available)
C  [glass.dll+0x1cd6f]  (no source info available)
C  0x00000258c206ce20  (no source info available)

The last pc belongs to native method entry point (kind = native) (printed below).
Java frames: (J=compiled Java code, j=interpreted, Vv=VM code)
j  com.sun.glass.ui.win.WinWindow._close(J)Z+0 javafx.graphics
j  com.sun.glass.ui.Window.close()V+63 javafx.graphics
j  com.sun.glass.ui.win.WinWindow.close()V+8 javafx.graphics
j  com.sun.glass.ui.Application.terminate()V+75 javafx.graphics
j  com.sun.javafx.tk.quantum.QuantumToolkit.lambda$exit$13()Ljava/lang/Object;+5 javafx.graphics
j  com.sun.javafx.tk.quantum.QuantumToolkit$$Lambda+0x00000258d4315728.get()Ljava/lang/Object;+0 javafx.graphics
j  com.sun.javafx.tk.quantum.QuantumToolkit.runWithRenderLock(Ljava/util/function/Supplier;)Ljava/lang/Object;+7 javafx.graphics
j  com.sun.javafx.tk.quantum.QuantumToolkit.exit()V+26 javafx.graphics
j  com.sun.javafx.application.PlatformImpl.lambda$tkExit$16()V+3 javafx.graphics
j  com.sun.javafx.application.PlatformImpl$$Lambda+0x00000258d43154f8.run()V+0 javafx.graphics
j  com.sun.javafx.application.PlatformImpl.lambda$runAndWait$12(Ljava/lang/Runnable;Ljava/util/concurrent/CountDownLatch;)V+1 javafx.graphics
j  com.sun.javafx.application.PlatformImpl$$Lambda+0x00000258d402d148.run()V+8 javafx.graphics
j  com.sun.javafx.application.PlatformImpl.lambda$runLater$10(Ljava/lang/Runnable;)Ljava/lang/Void;+1 javafx.graphics
j  com.sun.javafx.application.PlatformImpl$$Lambda+0x00000258d402da50.run()Ljava/lang/Object;+4 javafx.graphics
J 4745 c1 java.security.AccessController.doPrivileged(Ljava/security/PrivilegedAction;Ljava/security/AccessControlContext;)Ljava/lang/Object; java.base@24 (9 bytes) @ 0x00000258bb41678c [0x00000258bb4166a0+0x00000000000000ec]
j  com.sun.javafx.application.PlatformImpl.lambda$runLater$11(Ljava/lang/Runnable;Ljava/security/AccessControlContext;)V+7 javafx.graphics
j  com.sun.javafx.application.PlatformImpl$$Lambda+0x00000258d402d5d0.run()V+8 javafx.graphics
J 5989 c1 com.sun.glass.ui.InvokeLaterDispatcher$Future.run()V javafx.graphics (91 bytes) @ 0x00000258bb6d157c [0x00000258bb6d1460+0x000000000000011c]
v  ~StubRoutines::call_stub 0x00000258c2060fcd
j  com.sun.glass.ui.win.WinApplication._runLoop(Ljava/lang/Runnable;)V+0 javafx.graphics
j  com.sun.glass.ui.win.WinApplication.lambda$runLoop$3(ILjava/lang/Runnable;)V+8 javafx.graphics
j  com.sun.glass.ui.win.WinApplication$$Lambda+0x00000258d401d000.run()V+12 javafx.graphics
j  java.lang.Thread.runWith(Ljava/lang/Object;Ljava/lang/Runnable;)V+5 java.base@24
j  java.lang.Thread.run()V+19 java.base@24
v  ~StubRoutines::call_stub 0x00000258c2060fcd

siginfo: EXCEPTION_ACCESS_VIOLATION (0xc0000005), reading address 0x0000000000000130


Registers:
RAX=0x0000000000000000, RBX=0x0000000000000000, RCX=0x0000000000000000, RDX=0x0000000000000000
RSP=0x000000a1d8cfdfc0, RBP=0x0000000000000000, RSI=0x0000000000000401, RDI=0x000000a1d8cfe350
R8 =0x000000a1d8cfe350, R9 =0x0000000000000000, R10=0x0000000000000000, R11=0x0000000000000246
R12=0x0000000000000000, R13=0x0000000000000000, R14=0x0000000000000000, R15=0x0000000000000000
RIP=0x00007ffc9ca2bdf6, EFLAGS=0x0000000000010206

XMM[0]=0x0000000000000000 0x0000000000000000
XMM[1]=0x0000000000000000 0x0000000000000000
XMM[2]=0x0000000000000000 0x0000000000000000
XMM[3]=0x0000000000000000 0x0000000000000000
XMM[4]=0x0000000000000000 0x0000000000000000
XMM[5]=0x0000000000000000 0x0000000000000000
XMM[6]=0x0000000000000000 0x0000000000000000
XMM[7]=0x0000000000000000 0x0000000000000000
XMM[8]=0x0000000000000000 0x0000000000000000
XMM[9]=0x0000000000000000 0x0000000000000000
XMM[10]=0x0000000000000000 0x0000000000000000
XMM[11]=0x0000000000000000 0x0000000000000000
XMM[12]=0x0000000000000000 0x0000000000000000
XMM[13]=0x0000000000000000 0x0000000000000000
XMM[14]=0x0000000000000000 0x0000000000000000
XMM[15]=0x0000000000000000 0x0000000000000000
  MXCSR=0x00001fa5


Register to memory mapping:

RAX=0x0 is null
RBX=0x0 is null
RCX=0x0 is null
RDX=0x0 is null
RSP=0x000000a1d8cfdfc0 is pointing into the stack for thread: 0x00000259192b2d30
RBP=0x0 is null
RSI=0x0000000000000401 is an unknown value
RDI=0x000000a1d8cfe350 is pointing into the stack for thread: 0x00000259192b2d30
R8 =0x000000a1d8cfe350 is pointing into the stack for thread: 0x00000259192b2d30
R9 =0x0 is null
R10=0x0 is null
R11=0x0000000000000246 is an unknown value
R12=0x0 is null
R13=0x0 is null
R14=0x0 is null
R15=0x0 is null

Top of Stack: (sp=0x000000a1d8cfdfc0)
0x000000a1d8cfdfc0:   0000000000000000 00007ffc9ca375d6   .........u......
0x000000a1d8cfdfd0:   000000a1d8cfe350 0000000000000401   P...............
0x000000a1d8cfdfe0:   000000a1d8cfe350 00007ffc9ca2a871   P.......q.......
0x000000a1d8cfdff0:   0000000000420840 0000000000000000   @.B.............
0x000000a1d8cfe000:   0000000000000000 000000a1d8cfe350   ........P.......
0x000000a1d8cfe010:   0000025918e12780 00007ffc9ca1a395   .'..Y...........
0x000000a1d8cfe020:   000000a1d8cfe350 00007ffc9ca375c0   P........u......
0x000000a1d8cfe030:   0000000000420840 0000000000000401   @.B.............
0x000000a1d8cfe040:   0000000000000000 00007ffc9ca117bb   ................
0x000000a1d8cfe050:   0000025918e12780 000000a1d8cfe350   .'..Y...P.......
0x000000a1d8cfe060:   0000000000000401 0000000000420840   ........@.B.....
0x000000a1d8cfe070:   0000000080000022 00007ffcd2a4c396   "...............
0x000000a1d8cfe080:   0000000000000000 000000a1d8cfe248   ........H.......
0x000000a1d8cfe090:   0000000000000001 0000000000000401   ................
0x000000a1d8cfe0a0:   0000000000000000 000000a1d8cfe488   ................
0x000000a1d8cfe0b0:   000000a1d8cfe438 0000000000000000   8...............
0x000000a1d8cfe0c0:   0000025900000000 0000000000000000   ....Y...........
0x000000a1d8cfe0d0:   0000000100000000 0000025980000022   ........"...Y...
0x000000a1d8cfe0e0:   0000025900000000 0000000000000000   ....Y...........
0x000000a1d8cfe0f0:   0000000000000000 0000000000000000   ................
0x000000a1d8cfe100:   0000000000000048 0000000000000001   H...............
0x000000a1d8cfe110:   0000000000000000 0000000000000000   ................
0x000000a1d8cfe120:   0000000000000070 ffffffffffffffff   p...............
0x000000a1d8cfe130:   ffffffffffffffff 00007ffcd2a4c172   ........r.......
0x000000a1d8cfe140:   00007ffcd2a4c569 0000000000000000   i...............
0x000000a1d8cfe150:   0000000000000000 000000a1d69ee920   ........ .......
0x000000a1d8cfe160:   0000000000000048 0000000000000001   H...............
0x000000a1d8cfe170:   0000000000000000 0000000000000000   ................
0x000000a1d8cfe180:   0000000000000030 ffffffffffffffff   0...............
0x000000a1d8cfe190:   ffffffffffffffff 00007ffcd2a4c172   ........r.......
0x000000a1d8cfe1a0:   0000000000000000 0000000000000000   ................
0x000000a1d8cfe1b0:   0000000000000000 000000a1d69ee920   ........ .......

Instructions: (pc=0x00007ffc9ca2bdf6)
  0x00007ffc9ca2bcf6:   85 c0 74 08 48 8b c8 e8 ee 00 00 00 48 c7 05 23
  0x00007ffc9ca2bd06:   e1 01 00 00 00 00 00 48 83 c4 28 c3 cc cc cc cc
  0x00007ffc9ca2bd16:   cc cc cc cc cc cc cc cc cc cc 48 89 5c 24 08 57
  0x00007ffc9ca2bd26:   48 83 ec 30 48 8b fa 48 8b d9 48 39 91 30 01 00
  0x00007ffc9ca2bd36:   00 0f 84 a5 00 00 00 e8 ae 00 00 00 48 8b 93 30
  0x00007ffc9ca2bd46:   01 00 00 48 85 d2 75 04 48 8b 53 08 48 89 54 24
  0x00007ffc9ca2bd56:   20 4c 8b c7 48 85 ff 75 04 4c 8b 43 08 48 8d 0d
  0x00007ffc9ca2bd66:   a6 e2 00 00 4c 89 44 24 28 e8 bc 78 fe ff 48 8b
  0x00007ffc9ca2bd76:   4c 24 20 4c 8d 44 24 20 48 8d 15 db f7 ff ff ff
  0x00007ffc9ca2bd86:   15 05 da 01 00 48 8b 05 6e dd 01 00 48 85 c0 75
  0x00007ffc9ca2bd96:   04 33 c9 eb 03 8b 48 40 4c 8d 44 24 20 48 8d 15
  0x00007ffc9ca2bda6:   f6 f7 ff ff ff 15 e8 d9 01 00 48 89 bb 30 01 00
  0x00007ffc9ca2bdb6:   00 e8 54 38 00 00 4c 8b 05 ed e0 01 00 48 8b c8
  0x00007ffc9ca2bdc6:   48 8b 93 c0 00 00 00 4c 8b cf e8 db 92 fe ff e8
  0x00007ffc9ca2bdd6:   36 38 00 00 48 8b c8 e8 4e 37 00 00 48 8b 5c 24
  0x00007ffc9ca2bde6:   40 48 83 c4 30 5f c3 cc cc cc 40 57 48 83 ec 20
=>0x00007ffc9ca2bdf6:   48 8b 81 30 01 00 00 48 8b f9 48 85 c0 75 04 48
  0x00007ffc9ca2be06:   8b 41 08 48 3b 05 20 e0 01 00 75 3b 48 89 5c 24
  0x00007ffc9ca2be16:   30 e8 f4 37 00 00 4c 8b 05 7d e0 01 00 48 8b c8
  0x00007ffc9ca2be26:   48 8b 97 c0 00 00 00 48 8b d8 e8 7b 92 fe ff 48
  0x00007ffc9ca2be36:   8b cb e8 f3 36 00 00 48 8b 5c 24 30 48 c7 05 e3
  0x00007ffc9ca2be46:   df 01 00 00 00 00 00 48 83 c4 20 5f c3 cc cc cc
  0x00007ffc9ca2be56:   cc cc cc cc cc cc cc cc cc cc 40 53 48 83 ec 50
  0x00007ffc9ca2be66:   48 8b 05 5b b3 01 00 48 33 c4 48 89 44 24 40 48
  0x00007ffc9ca2be76:   8b d9 48 8b 49 08 ff 15 86 d8 01 00 85 c0 0f 85
  0x00007ffc9ca2be86:   1b 01 00 00 48 8b 4b 08 48 8d 54 24 30 ff 15 af
  0x00007ffc9ca2be96:   d6 01 00 48 8b 4b 08 48 8d 54 24 20 ff 15 08 d7
  0x00007ffc9ca2bea6:   01 00 48 8b 4b 08 4c 8d 44 24 20 41 b9 02 00 00
  0x00007ffc9ca2beb6:   00 33 d2 ff 15 f9 d6 01 00 8b 44 24 24 2b 44 24
  0x00007ffc9ca2bec6:   34 44 8b 44 24 20 44 2b 44 24 30 8b 54 24 3c 2b
  0x00007ffc9ca2bed6:   54 24 2c 8b 4c 24 38 2b 4c 24 28 89 83 1c 01 00
  0x00007ffc9ca2bee6:   00 44 89 83 18 01 00 00 89 93 24 01 00 00 89 8b


Stack slot to memory mapping:

stack at sp + 0 slots: 0x0 is null
stack at sp + 1 slots: 0x00007ffc9ca375d6 glass.dll
stack at sp + 2 slots: 0x000000a1d8cfe350 is pointing into the stack for thread: 0x00000259192b2d30
stack at sp + 3 slots: 0x0000000000000401 is an unknown value
stack at sp + 4 slots: 0x000000a1d8cfe350 is pointing into the stack for thread: 0x00000259192b2d30
stack at sp + 5 slots: 0x00007ffc9ca2a871 glass.dll
stack at sp + 6 slots: 0x0000000000420840 is an unknown value
stack at sp + 7 slots: 0x0 is null

Lock stack of current Java thread (top to bottom):

native method entry point (kind = native)  [0x00000258c206ca40, 0x00000258c206d478]  2616 bytes
[MachCode]
  0x00000258c206ca40: 488b 4b08 | 0fb7 492e | 584c 8d74 | ccf8 6800 | 0000 0068 | 0000 0000 | 5055 488b | ec41 5568 
  0x00000258c206ca60: 0000 0000 | 4c8b 6b08 | 4d8d 6d38 | 5348 8b53 | 0848 8b52 | 0848 8b52 | 1848 8b52 | 7048 8b12 
  0x00000258c206ca80: 5248 8b53 | 1048 85d2 | 0f84 0700 | 0000 4881 | c208 0100 | 0052 488b | 5308 488b | 5208 488b 
  0x00000258c206caa0: 5210 5249 | 8bc6 482b | c548 c1e8 | 0350 6800 | 0000 0068 | f7ff ffff | 41c6 8771 | 0400 0001 
  0x00000258c206cac0: 488b 4310 | 4885 c074 | 208b 88cc | 0000 0083 | c102 8988 | cc00 0000 | 2388 e000 | 0000 0f84 
  0x00000258c206cae0: e408 0000 | e9cd 0000 | 0048 8b43 | 1848 85c0 | 0f85 b000 | 0000 e805 | 0000 00e9 | 9900 0000 
  0x00000258c206cb00: 488b d348 | 8d44 2408 | 4c89 6dc0 | 498b cfc5 | f877 4989 | afb8 0300 | 0049 8987 | a803 0000 
  0x00000258c206cb20: 4883 ec20 | 40f6 c40f | 0f84 1900 | 0000 4883 | ec08 48b8 | 0031 3b29 | fc7f 0000 | ffd0 4883 
  0x00000258c206cb40: c408 e90c | 0000 0048 | b800 313b | 29fc 7f00 | 00ff d048 | 83c4 2049 | c787 a803 | 0000 0000 
  0x00000258c206cb60: 0000 49c7 | 87b8 0300 | 0000 0000 | 0049 c787 | b003 0000 | 0000 0000 | c5f8 7749 | 837f 0800 
  0x00000258c206cb80: 0f84 0500 | 0000 e935 | 43ff ff4c | 8b6d c04c | 8b75 c84e | 8d74 f500 | c348 8b43 | 1848 85c0 
  0x00000258c206cba0: 0f84 1000 | 0000 8b08 | 83c1 0289 | 0823 4814 | 0f84 1208 | 0000 493b | a7f0 0400 | 000f 8748 
  0x00000258c206cbc0: 0000 0089 | 8424 00f0 | ffff 8984 | 2400 e0ff | ff89 8424 | 00d0 ffff | 8984 2400 | c0ff ff89 
  0x00000258c206cbe0: 8424 00b0 | ffff 8984 | 2400 a0ff | ff89 8424 | 0090 ffff | 8984 2400 | 80ff ff49 | 3ba7 e804 
  0x00000258c206cc00: 0000 7607 | 4989 a7f0 | 0400 0041 | c687 7104 | 0000 0048 | 8b5d e84c | 8b5b 0845 | 0fb7 5b2e 
  0x00000258c206cc20: 41c1 e303 | 492b e348 | 83ec 2048 | 83e4 f04c | 8b5b 604d | 85db 0f85 | ab00 0000 | e805 0000 
  0x00000258c206cc40: 00e9 9900 | 0000 488b | d348 8d44 | 2408 4c89 | 6dc0 498b | cfc5 f877 | 4989 afb8 | 0300 0049 
  0x00000258c206cc60: 8987 a803 | 0000 4883 | ec20 40f6 | c40f 0f84 | 1900 0000 | 4883 ec08 | 48b8 405b | 3b29 fc7f 
  0x00000258c206cc80: 0000 ffd0 | 4883 c408 | e90c 0000 | 0048 b840 | 5b3b 29fc | 7f00 00ff | d048 83c4 | 2049 c787 
  0x00000258c206cca0: a803 0000 | 0000 0000 | 49c7 87b8 | 0300 0000 | 0000 0049 | c787 b003 | 0000 0000 | 0000 c5f8 
  0x00000258c206ccc0: 7749 837f | 0800 0f84 | 0500 0000 | e9ef 41ff | ff4c 8b6d | c04c 8b75 | c84e 8d74 | f500 c348 
  0x00000258c206cce0: 8b5d e84c | 8b5b 6041 | ffd3 488b | 5de8 4889 | 4518 448b | 5b28 41f6 | c308 0f84 | 1b00 0000 
  0x00000258c206cd00: 4c8b 5b08 | 4d8b 5b08 | 4d8b 5b18 | 4d8b 5b70 | 4d8b 1b4c | 895d 1048 | 8d55 1048 | 8b43 5849 
  0x00000258c206cd20: bad0 7174 | 29fc 7f00 | 0049 3bc2 | 0f85 ab00 | 0000 e805 | 0000 00e9 | 9900 0000 | 488b d348 
  0x00000258c206cd40: 8d44 2408 | 4c89 6dc0 | 498b cfc5 | f877 4989 | afb8 0300 | 0049 8987 | a803 0000 | 4883 ec20 
  0x00000258c206cd60: 40f6 c40f | 0f84 1900 | 0000 4883 | ec08 48b8 | 405b 3b29 | fc7f 0000 | ffd0 4883 | c408 e90c 
  0x00000258c206cd80: 0000 0048 | b840 5b3b | 29fc 7f00 | 00ff d048 | 83c4 2049 | c787 a803 | 0000 0000 | 0000 49c7 
  0x00000258c206cda0: 87b8 0300 | 0000 0000 | 0049 c787 | b003 0000 | 0000 0000 | c5f8 7749 | 837f 0800 | 0f84 0500 
  0x00000258c206cdc0: 0000 e9f9 | 40ff ff4c | 8b6d c04c | 8b75 c84e | 8d74 f500 | c348 8b5d | e848 8b43 | 5849 8d8f 
  0x00000258c206cde0: c803 0000 | 4c8d 15d5 | 0000 004d | 8997 b003 | 0000 c5f8 | 7749 89af | b803 0000 | 4989 a7a8 
  0x00000258c206ce00: 0300 0041 | c787 5404 | 0000 0400 | 0000 493b | a748 0500 | 0076 0749 | 89a7 4805 | 0000 ffd0 
  0x00000258c206ce20: 493b a748 | 0500 0072 | 0b49 c787 | 4805 0000 | 0000 0000 | c5f8 7748 | 83ec 10c5 | fb11 0424 
  0x00000258c206ce40: 4883 ec10 | 4889 0424 | 48c7 4424 | 0800 0000 | 0041 c787 | 5404 0000 | 0500 0000 | f083 4424 
  0x00000258c206ce60: c000 493b | 6f28 0f87 | 0e00 0000 | 4183 bf50 | 0400 0000 | 0f84 2000 | 0000 498b | cf4c 8be4 
  0x00000258c206ce80: 4883 ec20 | 4883 e4f0 | 48b8 c0ba | 3c29 fc7f | 0000 ffd0 | 498b e44d | 33e4 41c7 | 8754 0400 
  0x00000258c206cea0: 0008 0000 | 004d 8b97 | 7005 0000 | 4983 fa00 | 7435 49c7 | 8770 0500 | 0000 0000 | 0041 ffe2 
  0x00000258c206cec0: 49ba 00bb | 06c2 5802 | 0000 41ff | d248 83ec | 10c5 fb11 | 0424 4883 | ec10 4889 | 0424 48c7 
  0x00000258c206cee0: 4424 0800 | 0000 0049 | c787 a803 | 0000 0000 | 0000 49c7 | 87b8 0300 | 0000 0000 | 0049 c787 
  0x00000258c206cf00: b003 0000 | 0000 0000 | c5f8 774d | 8b9f 3804 | 0000 41c7 | 8300 0100 | 0000 0000 | 0049 bb3a 
  0x00000258c206cf20: a406 c258 | 0200 004c | 3b5d 180f | 8555 0100 | 0048 8b04 | 2448 83c4 | 1048 85c0 | 0f84 2f01 
  0x00000258c206cf40: 0000 a803 | 0f85 0800 | 0000 488b | 00e9 1f01 | 0000 a801 | 0f85 0900 | 0000 488b | 40fe e90e 
  0x00000258c206cf60: 0100 0048 | 8b40 ff41 | 807f 4800 | 0f84 ff00 | 0000 4883 | f800 0f84 | f500 0000 | 4d8b 5f38 
  0x00000258c206cf80: 4d85 db0f | 8414 0000 | 0049 83eb | 084d 895f | 384d 035f | 4049 8903 | e9d4 0000 | 0048 83ec 
  0x00000258c206cfa0: 7048 8904 | 2448 894c | 2408 4889 | 5424 104c | 8944 2418 | 4c89 4c24 | 204c 8954 | 2428 4c89 
  0x00000258c206cfc0: 5c24 30c5 | fb11 4424 | 40c5 fb11 | 4c24 48c5 | fb11 5424 | 50c5 fb11 | 5c24 58c5 | fb11 6424 
  0x00000258c206cfe0: 60c5 fb11 | 6c24 6849 | 8bd7 488b | c848 83ec | 2040 f6c4 | 0f0f 8419 | 0000 0048 | 83ec 0848 
  0x00000258c206d000: b830 4a2f | 29fc 7f00 | 00ff d048 | 83c4 08e9 | 0c00 0000 | 48b8 304a | 2f29 fc7f | 0000 ffd0 
  0x00000258c206d020: 4883 c420 | c5fb 106c | 2468 c5fb | 1064 2460 | c5fb 105c | 2458 c5fb | 1054 2450 | c5fb 104c 
  0x00000258c206d040: 2448 c5fb | 1044 2440 | 4c8b 5c24 | 304c 8b54 | 2428 4c8b | 4c24 204c | 8b44 2418 | 488b 5424 
  0x00000258c206d060: 1048 8b4c | 2408 488b | 0424 4883 | c470 c5f8 | 7748 8945 | 1048 83ec | 1048 8904 | 2448 c744 
  0x00000258c206d080: 2408 0000 | 0000 4183 | bfd0 0400 | 0002 0f85 | bf00 0000 | 4881 ec80 | 0000 0048 | 8944 2478 
  0x00000258c206d0a0: 4889 4c24 | 7048 8954 | 2468 4889 | 5c24 6048 | 896c 2450 | 4889 7424 | 4848 897c | 2440 4c89 
  0x00000258c206d0c0: 4424 384c | 894c 2430 | 4c89 5424 | 284c 895c | 2420 4c89 | 6424 184c | 896c 2410 | 4c89 7424 
  0x00000258c206d0e0: 084c 893c | 244c 8be4 | 4883 ec20 | 4883 e4f0 | 48b8 6058 | 7429 fc7f | 0000 ffd0 | 498b e44c 
  0x00000258c206d100: 8b3c 244c | 8b74 2408 | 4c8b 6c24 | 104c 8b64 | 2418 4c8b | 5c24 204c | 8b54 2428 | 4c8b 4c24 
  0x00000258c206d120: 304c 8b44 | 2438 488b | 7c24 4048 | 8b74 2448 | 488b 6c24 | 5048 8b5c | 2460 488b | 5424 6848 
  0x00000258c206d140: 8b4c 2470 | 488b 4424 | 7848 81c4 | 8000 0000 | 4d33 e448 | 8b5d e84c | 8b6b 084d | 8d6d 3849 
  0x00000258c206d160: 837f 0800 | 0f84 bb00 | 0000 e805 | 0000 00e9 | 9600 0000 | 488d 4424 | 084c 896d | c049 8bcf 
  0x00000258c206d180: c5f8 7749 | 89af b803 | 0000 4989 | 87a8 0300 | 0048 83ec | 2040 f6c4 | 0f0f 8419 | 0000 0048 
  0x00000258c206d1a0: 83ec 0848 | b8e0 793b | 29fc 7f00 | 00ff d048 | 83c4 08e9 | 0c00 0000 | 48b8 e079 | 3b29 fc7f 
  0x00000258c206d1c0: 0000 ffd0 | 4883 c420 | 49c7 87a8 | 0300 0000 | 0000 0049 | c787 b803 | 0000 0000 | 0000 49c7 
  0x00000258c206d1e0: 87b0 0300 | 0000 0000 | 00c5 f877 | 4983 7f08 | 000f 8405 | 0000 00e9 | c43c ffff | 4c8b 6dc0 
  0x00000258c206d200: 4c8b 75c8 | 4e8d 74f5 | 00c3 48b9 | f8eb 9a29 | fc7f 0000 | 4883 e4f0 | 48b8 b0a9 | 6129 fc7f 
  0x00000258c206d220: 0000 ffd0 | f444 8b5b | 2841 f6c3 | 200f 8472 | 0100 0048 | 8d55 a84c | 8b5a 084d | 85db 0f85 
  0x00000258c206d240: bb00 0000 | e805 0000 | 00e9 9600 | 0000 488d | 4424 084c | 896d c049 | 8bcf c5f8 | 7749 89af 
  0x00000258c206d260: b803 0000 | 4989 87a8 | 0300 0048 | 83ec 2040 | f6c4 0f0f | 8419 0000 | 0048 83ec | 0848 b810 
  0x00000258c206d280: 793b 29fc | 7f00 00ff | d048 83c4 | 08e9 0c00 | 0000 48b8 | 1079 3b29 | fc7f 0000 | ffd0 4883 
  0x00000258c206d2a0: c420 49c7 | 87a8 0300 | 0000 0000 | 0049 c787 | b803 0000 | 0000 0000 | 49c7 87b0 | 0300 0000 
  0x00000258c206d2c0: 0000 00c5 | f877 4983 | 7f08 000f | 8405 0000 | 00e9 ea3b | ffff 4c8b | 6dc0 4c8b | 75c8 4e8d 
  0x00000258c206d2e0: 74f5 00c3 | 48b9 f8eb | 9a29 fc7f | 0000 4883 | e4f0 48b8 | b0a9 6129 | fc7f 0000 | ffd0 f44c 
  0x00000258c206d300: 896d c04c | 8b4a 0848 | c742 0800 | 0000 0045 | 8b87 5806 | 0000 4f3b | 4c07 f80f | 8542 0000 
  0x00000258c206d320: 0041 83af | 5806 0000 | 084f 3b4c | 07f0 0f84 | 2a00 0000 | 498b 01a8 | 020f 8512 | 0000 004c 
  0x00000258c206d340: 8bc0 4983 | c801 f04d | 0fb1 010f | 840d 0000 | 0041 8387 | 5806 0000 | 08e9 0500 | 0000 e93e 
  0x00000258c206d360: 0000 004c | 894a 0848 | 8bca 4883 | ec20 40f6 | c40f 0f84 | 1900 0000 | 4883 ec08 | 48b8 304b 
  0x00000258c206d380: 3b29 fc7f | 0000 ffd0 | 4883 c408 | e90c 0000 | 0048 b830 | 4b3b 29fc | 7f00 00ff | d048 83c4 
  0x00000258c206d3a0: 204c 8b6d | c048 8b04 | 2448 83c4 | 10c5 fb10 | 0424 4883 | c410 4c8b | 5d18 41ff | d34c 8b5d 
  0x00000258c206d3c0: f8c9 5f49 | 8be3 ffe7 | ba00 0000 | 00e8 0500 | 0000 e996 | 0000 0048 | 8d44 2408 | 4c89 6dc0 
  0x00000258c206d3e0: 498b cfc5 | f877 4989 | afb8 0300 | 0049 8987 | a803 0000 | 4883 ec20 | 40f6 c40f | 0f84 1900 
  0x00000258c206d400: 0000 4883 | ec08 48b8 | d03f 3b29 | fc7f 0000 | ffd0 4883 | c408 e90c | 0000 0048 | b8d0 3f3b 
  0x00000258c206d420: 29fc 7f00 | 00ff d048 | 83c4 2049 | c787 a803 | 0000 0000 | 0000 49c7 | 87b8 0300 | 0000 0000 
  0x00000258c206d440: 0049 c787 | b003 0000 | 0000 0000 | c5f8 7749 | 837f 0800 | 0f84 0500 | 0000 e961 | 3aff ff4c 
  0x00000258c206d460: 8b6d c04c | 8b75 c84e | 8d74 f500 | c348 8b5d | e8e9 40f7 | ffff 6690 
[/MachCode]

Compiled method (c1) 16358 4745       3       java.security.AccessController::doPrivileged (9 bytes)
 total in heap  [0x00000258bb416588,0x00000258bb416858] = 720
 relocation     [0x00000258bb416660,0x00000258bb416698] = 56
 main code      [0x00000258bb4166a0,0x00000258bb416808] = 360
 stub code      [0x00000258bb416808,0x00000258bb416850] = 72
 metadata       [0x00000258bb416850,0x00000258bb416858] = 8
 immutable data [0x0000025922e73060,0x0000025922e730e8] = 136
 dependencies   [0x0000025922e73060,0x0000025922e73068] = 8
 nul chk table  [0x0000025922e73068,0x0000025922e73078] = 16
 scopes pcs     [0x0000025922e73078,0x0000025922e730c8] = 80
 scopes data    [0x0000025922e730c8,0x0000025922e730e8] = 32

[Constant Pool (empty)]

[MachCode]
[Verified Entry Point]
  # {method} {0x00000258d337b670} 'doPrivileged' '(Ljava/security/PrivilegedAction;Ljava/security/AccessControlContext;)Ljava/lang/Object;' in 'java/security/AccessController'
  # parm0:    rdx:rdx   = 'java/security/PrivilegedAction'
  # parm1:    r8:r8     = 'java/security/AccessControlContext'
  #           [sp+0x30]  (sp of caller)
  0x00000258bb4166a0: 8984 2400 | 80ff ff55 | 4883 ec20 | 4181 7f20 | 0300 0000 

  0x00000258bb4166b4: ;   {runtime_call StubRoutines (final stubs)}
  0x00000258bb4166b4: 7405 e845 

  0x00000258bb4166b8: ;   {metadata(method data for {method} {0x00000258d337b670} 'doPrivileged' '(Ljava/security/PrivilegedAction;Ljava/security/AccessControlContext;)Ljava/lang/Object;' in 'java/security/AccessController')}
  0x00000258bb4166b8: f2c7 0648 | be50 f338 | 1559 0200 | 008b becc | 0000 0083 | c702 89be | cc00 0000 | 81e7 fe07 
  0x00000258bb4166d8: 0000 85ff | 0f84 c200 | 0000 483b | 0248 8bf2 

  0x00000258bb4166e8: ;   {metadata(method data for {method} {0x00000258d337b670} 'doPrivileged' '(Ljava/security/PrivilegedAction;Ljava/security/AccessControlContext;)Ljava/lang/Object;' in 'java/security/AccessController')}
  0x00000258bb4166e8: 48bf 50f3 | 3815 5902 | 0000 8b76 | 0849 ba00 | 0000 d358 | 0200 0049 | 03f2 483b | b718 0100 
  0x00000258bb416708: 0075 0d48 | 8387 2001 | 0000 01e9 | 6000 0000 | 483b b728 | 0100 0075 | 0d48 8387 | 3001 0000 
  0x00000258bb416728: 01e9 4a00 | 0000 4883 | bf18 0100 | 0000 7517 | 4889 b718 | 0100 0048 | c787 2001 | 0000 0100 
  0x00000258bb416748: 0000 e929 | 0000 0048 | 83bf 2801 | 0000 0075 | 1748 89b7 | 2801 0000 | 48c7 8730 | 0100 0001 
  0x00000258bb416768: 0000 00e9 | 0800 0000 | 4883 8710 | 0100 0001 | 0f1f 4400 | 0048 b8f0 | a749 1959 

  0x00000258bb416784: ;   {virtual_call}
  0x00000258bb416784: 0200 00e8 

  0x00000258bb416788: ; ImmutableOopMap {}
                      ;*invokeinterface run {reexecute=0 rethrow=0 return_oop=0}
                      ; - java.security.AccessController::doPrivileged@1 (line 138)
  0x00000258bb416788: c4d9 e706 

  0x00000258bb41678c: ;   {post_call_nop}
  0x00000258bb41678c: 0f1f 8400 | 0402 0000 | 4883 c420 

  0x00000258bb416798: ;   {poll_return}
  0x00000258bb416798: 5d49 3b67 | 280f 8727 | 0000 00c3 

  0x00000258bb4167a4: ;   {metadata({method} {0x00000258d337b670} 'doPrivileged' '(Ljava/security/PrivilegedAction;Ljava/security/AccessControlContext;)Ljava/lang/Object;' in 'java/security/AccessController')}
  0x00000258bb4167a4: 49ba 68b6 | 37d3 5802 | 0000 4c89 | 5424 0848 | c704 24ff 

  0x00000258bb4167b8: ;   {runtime_call C1 Runtime counter_overflow_blob}
  0x00000258bb4167b8: ffff ffe8 

  0x00000258bb4167bc: ; ImmutableOopMap {rdx=Oop r8=Oop }
                      ;*synchronization entry
                      ; - java.security.AccessController::doPrivileged@-1 (line 138)
  0x00000258bb4167bc: a0d2 d506 | e91d ffff 

  0x00000258bb4167c4: ;   {runtime_call C1 Runtime throw_null_pointer_exception_blob}
  0x00000258bb4167c4: ffe8 9681 

  0x00000258bb4167c8: ; ImmutableOopMap {rdx=Oop }
                      ;*invokeinterface run {reexecute=0 rethrow=0 return_oop=0}
                      ; - java.security.AccessController::doPrivileged@1 (line 138)
                      ;   {internal_word}
  0x00000258bb4167c8: d506 49ba | 9967 41bb | 5802 0000 | 4d89 9760 

  0x00000258bb4167d8: ;   {runtime_call SafepointBlob}
  0x00000258bb4167d8: 0400 00e9 | 00f5 c906 | 498b 8708 | 0500 0049 | c787 0805 | 0000 0000 | 0000 49c7 | 8710 0500 
  0x00000258bb4167f8: 0000 0000 | 0048 83c4 

  0x00000258bb416800: ;   {runtime_call C1 Runtime unwind_exception_blob}
  0x00000258bb416800: 205d e959 | 72d5 06f4 
[Stub Code]
  0x00000258bb416808: ;   {no_reloc}
  0x00000258bb416808: 0f1f 4400 

  0x00000258bb41680c: ;   {static_stub}
  0x00000258bb41680c: 0048 bb00 | 0000 0000 

  0x00000258bb416814: ;   {runtime_call nmethod}
  0x00000258bb416814: 0000 00e9 | fbff ffff 
[Exception Handler]
  0x00000258bb41681c: ;   {runtime_call C1 Runtime handle_exception_from_callee_blob}
  0x00000258bb41681c: e83f 9fd5 

  0x00000258bb416820: ;   {external_word}
  0x00000258bb416820: 0648 b9f8 | eb9a 29fc | 7f00 0048 

  0x00000258bb41682c: ;   {runtime_call}
  0x00000258bb41682c: 83e4 f048 | b8b0 a961 | 29fc 7f00 | 00ff d0f4 
[Deopt Handler Code]
  0x00000258bb41683c: ;   {section_word}
  0x00000258bb41683c: 49ba 3c68 | 41bb 5802 | 0000 4152 

  0x00000258bb416848: ;   {runtime_call DeoptimizationBlob}
  0x00000258bb416848: e933 eac9 | 06f4 f4f4 
[/MachCode]


Compiled method (c1) 16363 5989   !   3       com.sun.glass.ui.InvokeLaterDispatcher$Future::run (91 bytes)
 total in heap  [0x00000258bb6d1308,0x00000258bb6d1b70] = 2152
 relocation     [0x00000258bb6d13e0,0x00000258bb6d1460] = 128
 main code      [0x00000258bb6d1460,0x00000258bb6d1b08] = 1704
 stub code      [0x00000258bb6d1b08,0x00000258bb6d1b60] = 88
 oops           [0x00000258bb6d1b60,0x00000258bb6d1b68] = 8
 metadata       [0x00000258bb6d1b68,0x00000258bb6d1b70] = 8
 immutable data [0x000002591e707b50,0x000002591e707e30] = 736
 dependencies   [0x000002591e707b50,0x000002591e707b58] = 8
 nul chk table  [0x000002591e707b58,0x000002591e707ba8] = 80
 handler table  [0x000002591e707ba8,0x000002591e707c68] = 192
 scopes pcs     [0x000002591e707c68,0x000002591e707d78] = 272
 scopes data    [0x000002591e707d78,0x000002591e707e30] = 184

[Constant Pool (empty)]

[MachCode]
[Instructions begin]
  0x00000258bb6d1460: 6666 660f | 1f84 0000 | 0000 0066 | 6666 9066 | 6690 448b | 5208 443b 

  0x00000258bb6d1478: ;   {runtime_call Shared Runtime ic_miss_blob}
  0x00000258bb6d1478: 5008 0f85 | e0d2 9d06 
[Verified Entry Point]
  0x00000258bb6d1480: 8984 2400 | 80ff ff55 | 4883 ec50 | 4181 7f20 | 0300 0000 

  0x00000258bb6d1494: ;   {runtime_call StubRoutines (final stubs)}
  0x00000258bb6d1494: 7405 e865 

  0x00000258bb6d1498: ;   {metadata(method data for {method} {0x00000259145a3610} 'run' '()V' in 'com/sun/glass/ui/InvokeLaterDispatcher$Future')}
  0x00000258bb6d1498: 449c 0648 | be70 6c52 | 1559 0200 | 008b becc | 0000 0083 | c702 89be | cc00 0000 | 81e7 fe07 
  0x00000258bb6d14b8: 0000 85ff | 0f84 3d05 | 0000 8b72 | 1048 c1e6 | 0348 3b06 

  0x00000258bb6d14cc: ;   {metadata(method data for {method} {0x00000259145a3610} 'run' '()V' in 'com/sun/glass/ui/InvokeLaterDispatcher$Future')}
  0x00000258bb6d14cc: 488b fe48 | bb70 6c52 | 1559 0200 | 008b 7f08 | 49ba 0000 | 00d3 5802 | 0000 4903 | fa48 3bbb 
  0x00000258bb6d14ec: 1801 0000 | 750d 4883 | 8320 0100 | 0001 e960 | 0000 0048 | 3bbb 2801 | 0000 750d | 4883 8330 
  0x00000258bb6d150c: 0100 0001 | e94a 0000 | 0048 83bb | 1801 0000 | 0075 1748 | 89bb 1801 | 0000 48c7 | 8320 0100 
  0x00000258bb6d152c: 0001 0000 | 00e9 2900 | 0000 4883 | bb28 0100 | 0000 7517 | 4889 bb28 | 0100 0048 | c783 3001 
  0x00000258bb6d154c: 0000 0100 | 0000 e908 | 0000 0048 | 8383 1001 | 0000 0148 | 8954 2418 | 488b d666 | 0f1f 4400 
  0x00000258bb6d156c: 0048 b830 | 2585 1859 

  0x00000258bb6d1574: ;   {virtual_call}
  0x00000258bb6d1574: 0200 00e8 

  0x00000258bb6d1578: ; ImmutableOopMap {[24]=Oop }
                      ;*invokeinterface run {reexecute=0 rethrow=0 return_oop=0}
                      ; - com.sun.glass.ui.InvokeLaterDispatcher$Future::run@4 (line 96)
  0x00000258bb6d1578: d42b bc06 

  0x00000258bb6d157c: ;   {post_call_nop}
  0x00000258bb6d157c: 0f1f 8400 | 7402 0000 | 488b 5424 | 188b 4214 | 48c1 e003 

  0x00000258bb6d1590: ; implicit exception: dispatches to 0x00000258bb6d1a25
  0x00000258bb6d1590: 8b70 7848 | c1e6 0348 | 8d7c 2438 | 4889 7708 

  0x00000258bb6d15a0: ; implicit exception: dispatches to 0x00000258bb6d1a2a
  0x00000258bb6d15a0: 488b 0641 | 8b9f 5806 | 0000 81fb | a806 0000 | 0f8d 7904 | 0000 493b | 741f f80f | 8425 0000 
  0x00000258bb6d15c0: 00a8 020f | 8566 0400 | 0048 8bd8 | 4883 e3fe | 4883 c801 | f048 0fb1 | 1e0f 8550 | 0400 0041 
  0x00000258bb6d15e0: 8b9f 5806 | 0000 4989 | 341f 83c3 | 0841 899f | 5806 0000 | 4889 7424 | 20c6 420c | 018b 5214 
  0x00000258bb6d1600: 48c1 e203 

  0x00000258bb6d1604: ; implicit exception: dispatches to 0x00000258bb6d1a42
  0x00000258bb6d1604: 8b52 7848 | c1e2 0348 | 3b02 488b 

  0x00000258bb6d1610: ;   {metadata(method data for {method} {0x00000259145a3610} 'run' '()V' in 'com/sun/glass/ui/InvokeLaterDispatcher$Future')}
  0x00000258bb6d1610: fa48 bb70 | 6c52 1559 | 0200 008b | 7f08 49ba | 0000 00d3 | 5802 0000 | 4903 fa48 | 3bbb 4801 
  0x00000258bb6d1630: 0000 750d | 4883 8350 | 0100 0001 | e960 0000 | 0048 3bbb | 5801 0000 | 750d 4883 | 8360 0100 
  0x00000258bb6d1650: 0001 e94a | 0000 0048 | 83bb 4801 | 0000 0075 | 1748 89bb | 4801 0000 | 48c7 8350 | 0100 0001 
  0x00000258bb6d1670: 0000 00e9 | 2900 0000 | 4883 bb58 | 0100 0000 | 7517 4889 | bb58 0100 | 0048 c783 | 6001 0000 
  0x00000258bb6d1690: 0100 0000 | e908 0000 | 0048 8383 | 4001 0000 | 0166 0f1f 

  0x00000258bb6d16a4: ;   {optimized virtual_call}
  0x00000258bb6d16a4: 4400 00e8 

  0x00000258bb6d16a8: ; ImmutableOopMap {[32]=Oop [64]=Oop }
                      ;*invokevirtual notifyAll {reexecute=0 rethrow=0 return_oop=0}
                      ; - com.sun.glass.ui.InvokeLaterDispatcher$Future::run@31 (line 100)
  0x00000258bb6d16a8: e448 1407 

  0x00000258bb6d16ac: ;   {post_call_nop}
  0x00000258bb6d16ac: 0f1f 8400 | a403 0001 | 488d 4424 | 3848 8b70 | 0841 8b97 | 5806 0000 | 493b 7417 | f80f 857d 
  0x00000258bb6d16cc: 0300 0041 | 83af 5806 | 0000 0849 | 3b74 17f0 | 0f84 2a00 | 0000 488b | 06a8 020f | 8512 0000 
  0x00000258bb6d16ec: 0048 8bd0 | 4883 ca01 | f048 0fb1 | 160f 840d | 0000 0041 | 8387 5806 | 0000 08e9 | 4003 0000 
  0x00000258bb6d170c: ;   {metadata(method data for {method} {0x00000259145a3610} 'run' '()V' in 'com/sun/glass/ui/InvokeLaterDispatcher$Future')}
  0x00000258bb6d170c: 48b8 706c | 5215 5902 | 0000 ff80 | 7001 0000 | e9a8 0100 | 0049 8b87 | 0805 0000 | 4d33 d24d 
  0x00000258bb6d172c: 8997 0805 | 0000 4d33 | d24d 8997 | 1005 0000 | 8b72 1448 | c1e6 038b | 7678 48c1 | e603 488d 
  0x00000258bb6d174c: 7c24 3848 | 8944 2428 | 4889 7708 

  0x00000258bb6d1758: ; implicit exception: dispatches to 0x00000258bb6d1a64
  0x00000258bb6d1758: 488b 0641 | 8b8f 5806 | 0000 81f9 | a806 0000 | 0f8d fb02 | 0000 493b | 740f f80f | 8425 0000 
  0x00000258bb6d1778: 00a8 020f | 85e8 0200 | 0048 8bc8 | 4883 e1fe | 4883 c801 | f048 0fb1 | 0e0f 85d2 | 0200 0041 
  0x00000258bb6d1798: 8b8f 5806 | 0000 4989 | 340f 83c1 | 0841 898f | 5806 0000 | 4889 7424 | 30c6 420c | 018b 5214 
  0x00000258bb6d17b8: 48c1 e203 

  0x00000258bb6d17bc: ; implicit exception: dispatches to 0x00000258bb6d1a7c
  0x00000258bb6d17bc: 8b52 7848 | c1e2 0348 | 3b02 488b 

  0x00000258bb6d17c8: ;   {metadata(method data for {method} {0x00000259145a3610} 'run' '()V' in 'com/sun/glass/ui/InvokeLaterDispatcher$Future')}
  0x00000258bb6d17c8: fa48 bb70 | 6c52 1559 | 0200 008b | 7f08 49ba | 0000 00d3 | 5802 0000 | 4903 fa48 | 3bbb a801 
  0x00000258bb6d17e8: 0000 750d | 4883 83b0 | 0100 0001 | e960 0000 | 0048 3bbb | b801 0000 | 750d 4883 | 83c0 0100 
  0x00000258bb6d1808: 0001 e94a | 0000 0048 | 83bb a801 | 0000 0075 | 1748 89bb | a801 0000 | 48c7 83b0 | 0100 0001 
  0x00000258bb6d1828: 0000 00e9 | 2900 0000 | 4883 bbb8 | 0100 0000 | 7517 4889 | bbb8 0100 | 0048 c783 | c001 0000 
  0x00000258bb6d1848: 0100 0000 | e908 0000 | 0048 8383 | a001 0000 | 0166 0f1f 

  0x00000258bb6d185c: ;   {optimized virtual_call}
  0x00000258bb6d185c: 4400 00e8 

  0x00000258bb6d1860: ; ImmutableOopMap {[40]=Oop [48]=Oop [64]=Oop }
                      ;*invokevirtual notifyAll {reexecute=0 rethrow=0 return_oop=0}
                      ; - com.sun.glass.ui.InvokeLaterDispatcher$Future::run@71 (line 100)
  0x00000258bb6d1860: fcd1 9d06 

  0x00000258bb6d1864: ;   {post_call_nop}
  0x00000258bb6d1864: 0f1f 8400 | 5c05 0002 | 488d 4424 | 3848 8b78 | 0841 8bb7 | 5806 0000 | 493b 7c37 | f80f 85ff 
  0x00000258bb6d1884: 0100 0041 | 83af 5806 | 0000 0849 | 3b7c 37f0 | 0f84 2a00 | 0000 488b | 07a8 020f | 8512 0000 
  0x00000258bb6d18a4: 0048 8bf0 | 4883 ce01 | f048 0fb1 | 370f 840d | 0000 0041 | 8387 5806 | 0000 08e9 | c201 0000 
  0x00000258bb6d18c4: e920 0000 

  0x00000258bb6d18c8: ;   {metadata(method data for {method} {0x00000259145a3610} 'run' '()V' in 'com/sun/glass/ui/InvokeLaterDispatcher$Future')}
  0x00000258bb6d18c8: 0048 b870 | 6c52 1559 | 0200 00ff | 8088 0100 | 0048 83c4 

  0x00000258bb6d18dc: ;   {poll_return}
  0x00000258bb6d18dc: 505d 493b | 6728 0f87 | b101 0000 

  0x00000258bb6d18e8: ;   {metadata(method data for {method} {0x00000259145a3610} 'run' '()V' in 'com/sun/glass/ui/InvokeLaterDispatcher$Future')}
  0x00000258bb6d18e8: c348 b870 | 6c52 1559 | 0200 00ff | 80d0 0100 | 0048 8b44 | 2428 e9f9 | 0100 0049 | 8b87 0805 
  0x00000258bb6d1908: 0000 4d33 | d24d 8997 | 0805 0000 | 4d33 d24d | 8997 1005 | 0000 488b | f048 8d44 | 2438 488b 
  0x00000258bb6d1928: 5808 418b | bf58 0600 | 0049 3b5c | 3ff8 0f85 | 7301 0000 | 4183 af58 | 0600 0008 | 493b 5c3f 
  0x00000258bb6d1948: f00f 842a | 0000 0048 | 8b03 a802 | 0f85 1200 | 0000 488b | f848 83cf | 01f0 480f | b13b 0f84 
  0x00000258bb6d1968: 0d00 0000 | 4183 8758 | 0600 0008 | e936 0100 | 0048 8bc6 | e97b 0100 | 0049 8b87 | 0805 0000 
  0x00000258bb6d1988: 4d33 d24d | 8997 0805 | 0000 4d33 | d24d 8997 | 1005 0000 | 488b f048 | 8d44 2438 | 488b 5808 
  0x00000258bb6d19a8: 418b bf58 | 0600 0049 | 3b5c 3ff8 | 0f85 0801 | 0000 4183 | af58 0600 | 0008 493b | 5c3f f00f 
  0x00000258bb6d19c8: 842a 0000 | 0048 8b03 | a802 0f85 | 1200 0000 | 488b f848 | 83cf 01f0 | 480f b13b | 0f84 0d00 
  0x00000258bb6d19e8: ;   {no_reloc}
  0x00000258bb6d19e8: 0000 4183 | 8758 0600 | 0008 e9cb | 0000 0048 | 8bc6 e9fd 

  0x00000258bb6d19fc: ;   {metadata({method} {0x00000259145a3610} 'run' '()V' in 'com/sun/glass/ui/InvokeLaterDispatcher$Future')}
  0x00000258bb6d19fc: 0000 0049 | ba08 365a | 1459 0200 | 004c 8954 | 2408 48c7 | 0424 ffff 

  0x00000258bb6d1a14: ;   {runtime_call C1 Runtime counter_overflow_blob}
  0x00000258bb6d1a14: ffff e845 

  0x00000258bb6d1a18: ; ImmutableOopMap {rdx=Oop }
                      ;*synchronization entry
                      ; - com.sun.glass.ui.InvokeLaterDispatcher$Future::run@-1 (line 96)
  0x00000258bb6d1a18: 20aa 06e9 | a2fa ffff 

  0x00000258bb6d1a20: ;   {runtime_call C1 Runtime throw_null_pointer_exception_blob}
  0x00000258bb6d1a20: e83b cfa9 

  0x00000258bb6d1a24: ; ImmutableOopMap {rdx=Oop rsi=Oop }
                      ;*invokeinterface run {reexecute=0 rethrow=0 return_oop=0}
                      ; - com.sun.glass.ui.InvokeLaterDispatcher$Future::run@4 (line 96)
                      ;   {runtime_call C1 Runtime throw_null_pointer_exception_blob}
  0x00000258bb6d1a24: 06e8 36cf 

  0x00000258bb6d1a28: ; ImmutableOopMap {rdx=Oop }
                      ;*getfield LOCK {reexecute=1 rethrow=0 return_oop=0}
                      ; - (reexecute) com.sun.glass.ui.InvokeLaterDispatcher$Future::run@13 (line 98)
                      ;   {runtime_call C1 Runtime throw_null_pointer_exception_blob}
  0x00000258bb6d1a28: a906 e831 

  0x00000258bb6d1a2c: ; ImmutableOopMap {rdx=Oop rsi=Oop }
                      ;*monitorenter {reexecute=0 rethrow=0 return_oop=0}
                      ; - com.sun.glass.ui.InvokeLaterDispatcher$Future::run@18 (line 98)
  0x00000258bb6d1a2c: cfa9 0648 | 8974 2408 | 4889 3c24 

  0x00000258bb6d1a38: ;   {runtime_call C1 Runtime monitorenter_nofpu_blob}
  0x00000258bb6d1a38: e823 ffa9 

  0x00000258bb6d1a3c: ; ImmutableOopMap {rdx=Oop rsi=Oop [64]=Oop }
                      ;*monitorenter {reexecute=0 rethrow=0 return_oop=0}
                      ; - com.sun.glass.ui.InvokeLaterDispatcher$Future::run@18 (line 98)
  0x00000258bb6d1a3c: 06e9 b2fb 

  0x00000258bb6d1a40: ;   {runtime_call C1 Runtime throw_null_pointer_exception_blob}
  0x00000258bb6d1a40: ffff e819 

  0x00000258bb6d1a44: ; ImmutableOopMap {[32]=Oop [64]=Oop }
                      ;*getfield LOCK {reexecute=1 rethrow=0 return_oop=0}
                      ; - (reexecute) com.sun.glass.ui.InvokeLaterDispatcher$Future::run@28 (line 100)
                      ;   {runtime_call C1 Runtime throw_null_pointer_exception_blob}
  0x00000258bb6d1a44: cfa9 06e8 

  0x00000258bb6d1a48: ; ImmutableOopMap {rdx=Oop [32]=Oop [64]=Oop }
                      ;*invokevirtual notifyAll {reexecute=0 rethrow=0 return_oop=0}
                      ; - com.sun.glass.ui.InvokeLaterDispatcher$Future::run@31 (line 100)
  0x00000258bb6d1a48: 14cf a906 | 488d 4424 | 3848 8904 

  0x00000258bb6d1a54: ;   {runtime_call C1 Runtime monitorexit_nofpu_blob}
  0x00000258bb6d1a54: 24e8 0605 | aa06 e9ad 

  0x00000258bb6d1a5c: ;   {runtime_call C1 Runtime throw_null_pointer_exception_blob}
  0x00000258bb6d1a5c: fcff ffe8 

  0x00000258bb6d1a60: ; ImmutableOopMap {rdx=Oop rax=Oop }
                      ;*getfield LOCK {reexecute=1 rethrow=0 return_oop=0}
                      ; - (reexecute) com.sun.glass.ui.InvokeLaterDispatcher$Future::run@52 (line 98)
  0x00000258bb6d1a60: fcce a906 

  0x00000258bb6d1a64: ;   {runtime_call C1 Runtime throw_null_pointer_exception_blob}
  0x00000258bb6d1a64: e8f7 cea9 

  0x00000258bb6d1a68: ; ImmutableOopMap {rdx=Oop rsi=Oop [40]=Oop }
                      ;*monitorenter {reexecute=0 rethrow=0 return_oop=0}
                      ; - com.sun.glass.ui.InvokeLaterDispatcher$Future::run@58 (line 98)
  0x00000258bb6d1a68: 0648 8974 | 2408 4889 

  0x00000258bb6d1a70: ;   {runtime_call C1 Runtime monitorenter_nofpu_blob}
  0x00000258bb6d1a70: 3c24 e8e9 

  0x00000258bb6d1a74: ; ImmutableOopMap {rdx=Oop rsi=Oop [40]=Oop [64]=Oop }
                      ;*monitorenter {reexecute=0 rethrow=0 return_oop=0}
                      ; - com.sun.glass.ui.InvokeLaterDispatcher$Future::run@58 (line 98)
  0x00000258bb6d1a74: fea9 06e9 | 30fd ffff 

  0x00000258bb6d1a7c: ;   {runtime_call C1 Runtime throw_null_pointer_exception_blob}
  0x00000258bb6d1a7c: e8df cea9 

  0x00000258bb6d1a80: ; ImmutableOopMap {[40]=Oop [48]=Oop [64]=Oop }
                      ;*getfield LOCK {reexecute=1 rethrow=0 return_oop=0}
                      ; - (reexecute) com.sun.glass.ui.InvokeLaterDispatcher$Future::run@68 (line 100)
                      ;   {runtime_call C1 Runtime throw_null_pointer_exception_blob}
  0x00000258bb6d1a80: 06e8 dace 

  0x00000258bb6d1a84: ; ImmutableOopMap {rdx=Oop [40]=Oop [48]=Oop [64]=Oop }
                      ;*invokevirtual notifyAll {reexecute=0 rethrow=0 return_oop=0}
                      ; - com.sun.glass.ui.InvokeLaterDispatcher$Future::run@71 (line 100)
  0x00000258bb6d1a84: a906 488d | 4424 3848 

  0x00000258bb6d1a8c: ;   {runtime_call C1 Runtime monitorexit_nofpu_blob}
  0x00000258bb6d1a8c: 8904 24e8 | cc04 aa06 | e92b feff 

  0x00000258bb6d1a98: ;   {internal_word}
  0x00000258bb6d1a98: ff49 bade | 186d bb58 | 0200 004d | 8997 6004 

  0x00000258bb6d1aa8: ;   {runtime_call SafepointBlob}
  0x00000258bb6d1aa8: 0000 e931 | 429e 0648 | 8d44 2438 | 4889 0424 

  0x00000258bb6d1ab8: ;   {runtime_call C1 Runtime monitorexit_nofpu_blob}
  0x00000258bb6d1ab8: e8a3 04aa | 06e9 b7fe | ffff 488d | 4424 3848 

  0x00000258bb6d1ac8: ;   {runtime_call C1 Runtime monitorexit_nofpu_blob}
  0x00000258bb6d1ac8: 8904 24e8 | 9004 aa06 | e922 ffff | ff48 8b54 | 2418 e942 | fcff ff49 | 8b87 0805 | 0000 49c7 
  0x00000258bb6d1ae8: 8708 0500 | 0000 0000 | 0049 c787 | 1005 0000 | 0000 0000 | 4883 c450 

  0x00000258bb6d1b00: ;   {runtime_call C1 Runtime unwind_exception_blob}
  0x00000258bb6d1b00: 5de9 5abf | a906 f4f4 
[Stub Code]
  0x00000258bb6d1b08: ;   {no_reloc}
  0x00000258bb6d1b08: 0f1f 4400 

  0x00000258bb6d1b0c: ;   {static_stub}
  0x00000258bb6d1b0c: 0048 bb00 | 0000 0000 

  0x00000258bb6d1b14: ;   {runtime_call nmethod}
  0x00000258bb6d1b14: 0000 00e9 | fbff ffff 

  0x00000258bb6d1b1c: ;   {static_stub}
  0x00000258bb6d1b1c: 48bb 0000 | 0000 0000 

  0x00000258bb6d1b24: ;   {runtime_call nmethod}
  0x00000258bb6d1b24: 0000 e9fb 

  0x00000258bb6d1b28: ;   {runtime_call C1 Runtime handle_exception_from_callee_blob}
  0x00000258bb6d1b28: ffff ffe8 | 30ec a906 

  0x00000258bb6d1b30: ;   {external_word}
  0x00000258bb6d1b30: 48b9 f8eb | 9a29 fc7f | 0000 4883 

  0x00000258bb6d1b3c: ;   {runtime_call}
  0x00000258bb6d1b3c: e4f0 48b8 | b0a9 6129 | fc7f 0000 

  0x00000258bb6d1b48: ;   {section_word}
  0x00000258bb6d1b48: ffd0 f449 | ba4b 1b6d | bb58 0200 

  0x00000258bb6d1b54: ;   {runtime_call DeoptimizationBlob}
  0x00000258bb6d1b54: 0041 52e9 | 2437 9e06 | f4f4 f4f4 
[/MachCode]


---------------  P R O C E S S  ---------------

Threads class SMR info:
_java_thread_list=0x00000259188524d0, length=20, elements={
0x00000258b236df50, 0x00000258d18ce850, 0x00000258d18cef90, 0x00000258d18d3d00,
0x00000258d18d4830, 0x00000258d18d69b0, 0x00000258d18d7780, 0x00000258d24a1e30,
0x00000258d18de6e0, 0x00000258d25c8820, 0x000002591849d120, 0x000002591841f7a0,
0x0000025918defd90, 0x00000259192c8400, 0x00000259192b2d30, 0x00000259190c1720,
0x000002591e3e6030, 0x000002591e806720, 0x000002591e808bb0, 0x000002591e805fd0
}

Java Threads: ( => current thread )
  0x00000258b236df50 JavaThread "main"                              [_thread_blocked, id=14388, stack(0x000000a1d6e00000,0x000000a1d6f00000) (1024K)]
  0x00000258d18ce850 JavaThread "Reference Handler"          daemon [_thread_blocked, id=25528, stack(0x000000a1d7600000,0x000000a1d7700000) (1024K)]
  0x00000258d18cef90 JavaThread "Finalizer"                  daemon [_thread_blocked, id=14764, stack(0x000000a1d7700000,0x000000a1d7800000) (1024K)]
  0x00000258d18d3d00 JavaThread "Signal Dispatcher"          daemon [_thread_blocked, id=18008, stack(0x000000a1d7800000,0x000000a1d7900000) (1024K)]
  0x00000258d18d4830 JavaThread "Attach Listener"            daemon [_thread_blocked, id=10136, stack(0x000000a1d7900000,0x000000a1d7a00000) (1024K)]
  0x00000258d18d69b0 JavaThread "Service Thread"             daemon [_thread_blocked, id=7592, stack(0x000000a1d7a00000,0x000000a1d7b00000) (1024K)]
  0x00000258d18d7780 JavaThread "Monitor Deflation Thread"   daemon [_thread_blocked, id=24732, stack(0x000000a1d7b00000,0x000000a1d7c00000) (1024K)]
  0x00000258d24a1e30 JavaThread "C2 CompilerThread0"         daemon [_thread_blocked, id=9740, stack(0x000000a1d7c00000,0x000000a1d7d00000) (1024K)]
  0x00000258d18de6e0 JavaThread "C1 CompilerThread0"         daemon [_thread_blocked, id=20188, stack(0x000000a1d7d00000,0x000000a1d7e00000) (1024K)]
  0x00000258d25c8820 JavaThread "Common-Cleaner"             daemon [_thread_blocked, id=6808, stack(0x000000a1d8000000,0x000000a1d8100000) (1024K)]
  0x000002591849d120 JavaThread "Monitor Ctrl-Break"         daemon [_thread_in_native, id=10052, stack(0x000000a1d8900000,0x000000a1d8a00000) (1024K)]
  0x000002591841f7a0 JavaThread "Notification Thread"        daemon [_thread_blocked, id=7884, stack(0x000000a1d8a00000,0x000000a1d8b00000) (1024K)]
  0x0000025918defd90 JavaThread "QuantumRenderer-0"          daemon [_thread_blocked, id=18952, stack(0x000000a1d8b00000,0x000000a1d8c00000) (1024K)]
  0x00000259192c8400 JavaThread "InvokeLaterDispatcher"      daemon [_thread_blocked, id=14924, stack(0x000000a1d8800000,0x000000a1d8900000) (1024K)]
=>0x00000259192b2d30 JavaThread "JavaFX Application Thread"         [_thread_in_native, id=15708, stack(0x000000a1d8c00000,0x000000a1d8d00000) (1024K)]
  0x00000259190c1720 JavaThread "JavaFX-Launcher"                   [_thread_blocked, id=10964, stack(0x000000a1d8200000,0x000000a1d8300000) (1024K)]
  0x000002591e3e6030 JavaThread "Thread-2"                   daemon [_thread_in_native, id=11824, stack(0x000000a1d8100000,0x000000a1d8200000) (1024K)]
  0x000002591e806720 JavaThread "Cleaner-0"                  daemon [_thread_blocked, id=25136, stack(0x000000a1da600000,0x000000a1da700000) (1024K)]
  0x000002591e808bb0 JavaThread "Prism Font Disposer"        daemon [_thread_blocked, id=21352, stack(0x000000a1da400000,0x000000a1da500000) (1024K)]
  0x000002591e805fd0 JavaThread "Cleaner-1"                  daemon [_thread_blocked, id=22248, stack(0x000000a1db700000,0x000000a1db800000) (1024K)]
Total: 20

Other Threads:
  0x00000258d18b6340 VMThread "VM Thread"                           [id=19600, stack(0x000000a1d7500000,0x000000a1d7600000) (1024K)]
  0x00000258d176edf0 WatcherThread "VM Periodic Task Thread"        [id=18976, stack(0x000000a1d7400000,0x000000a1d7500000) (1024K)]
  0x00000258b23d6800 WorkerThread "GC Thread#0"                     [id=6968, stack(0x000000a1d6f00000,0x000000a1d7000000) (1024K)]
  0x000002591e6e6860 WorkerThread "GC Thread#1"                     [id=20144, stack(0x000000a1d8600000,0x000000a1d8700000) (1024K)]
  0x000002591e6e6c10 WorkerThread "GC Thread#2"                     [id=10388, stack(0x000000a1d8700000,0x000000a1d8800000) (1024K)]
  0x000002591e6e6fc0 WorkerThread "GC Thread#3"                     [id=21084, stack(0x000000a1da000000,0x000000a1da100000) (1024K)]
  0x000002591e6e6100 WorkerThread "GC Thread#4"                     [id=1528, stack(0x000000a1da100000,0x000000a1da200000) (1024K)]
  0x000002591e6e7720 WorkerThread "GC Thread#5"                     [id=23384, stack(0x000000a1da200000,0x000000a1da300000) (1024K)]
  0x00000259216b99c0 WorkerThread "GC Thread#6"                     [id=8996, stack(0x000000a1dae00000,0x000000a1daf00000) (1024K)]
  0x00000259216bafe0 WorkerThread "GC Thread#7"                     [id=5440, stack(0x000000a1daf00000,0x000000a1db000000) (1024K)]
  0x00000259216bbea0 WorkerThread "GC Thread#8"                     [id=21096, stack(0x000000a1db000000,0x000000a1db100000) (1024K)]
  0x00000259216ba4d0 WorkerThread "GC Thread#9"                     [id=252, stack(0x000000a1db100000,0x000000a1db200000) (1024K)]
  0x00000259216bc250 WorkerThread "GC Thread#10"                    [id=17156, stack(0x000000a1db200000,0x000000a1db300000) (1024K)]
  0x00000259216ba880 WorkerThread "GC Thread#11"                    [id=10096, stack(0x000000a1db300000,0x000000a1db400000) (1024K)]
  0x00000259216bb390 WorkerThread "GC Thread#12"                    [id=14480, stack(0x000000a1db400000,0x000000a1db500000) (1024K)]
  0x00000258b23ebd60 ConcurrentGCThread "G1 Main Marker"            [id=16732, stack(0x000000a1d7000000,0x000000a1d7100000) (1024K)]
  0x00000258b23ec780 WorkerThread "G1 Conc#0"                       [id=15172, stack(0x000000a1d7100000,0x000000a1d7200000) (1024K)]
  0x00000259216bb740 WorkerThread "G1 Conc#1"                       [id=17664, stack(0x000000a1db500000,0x000000a1db600000) (1024K)]
  0x00000259216bbaf0 WorkerThread "G1 Conc#2"                       [id=9308, stack(0x000000a1db600000,0x000000a1db700000) (1024K)]
  0x00000258d1764070 ConcurrentGCThread "G1 Refine#0"               [id=24788, stack(0x000000a1d7200000,0x000000a1d7300000) (1024K)]
  0x00000258d17658b0 ConcurrentGCThread "G1 Service"                [id=22872, stack(0x000000a1d7300000,0x000000a1d7400000) (1024K)]
Total: 21

Threads with active compile tasks:
Total: 0

VM state: not at safepoint (normal execution)

VM Mutex/Monitor currently owned by a thread: None

Heap address: 0x0000000705e00000, size: 4002 MB, Compressed Oops mode: Zero based, Oop shift amount: 3

CDS archive(s) mapped at: [0x00000258d3000000-0x00000258d3d40000-0x00000258d3d40000), size 13893632, SharedBaseAddress: 0x00000258d3000000, ArchiveRelocationMode: 1.
Compressed class space mapped at: 0x00000258d4000000-0x0000025914000000, reserved size: 1073741824
UseCompressedClassPointers 1, UseCompactObjectHeaders 0
Narrow klass pointer bits 32, Max shift 3
Narrow klass base: 0x00000258d3000000, Narrow klass shift: 0
Encoding Range: [0x00000258d3000000 - 0x00000259d3000000), (4294967296 bytes)
Klass Range:    [0x00000258d3000000 - 0x0000025914000000), (1090519040 bytes)
Klass ID Range:  [8 - 1090519033) (1090519025)

GC Precious Log:
 CardTable entry size: 512
 Card Set container configuration: InlinePtr #cards 4 size 8 Array Of Cards #cards 16 size 48 Howl #buckets 8 coarsen threshold 3686 Howl Bitmap #cards 512 size 80 coarsen threshold 460 Card regions per heap region 1 cards per card region 4096
 CPUs: 16 total, 16 available
 Memory: 16002M
 Large Page Support: Disabled
 NUMA Support: Disabled
 Compressed Oops: Enabled (Zero based)
 Heap Region Size: 2M
 Heap Min Capacity: 8M
 Heap Initial Capacity: 252M
 Heap Max Capacity: 4002M
 Pre-touch: Disabled
 Parallel Workers: 13
 Concurrent Workers: 3
 Concurrent Refinement Workers: 13
 Periodic GC: Disabled

Heap:
 garbage-first heap   total reserved 4098048K, committed 120832K, used 80215K [0x0000000705e00000, 0x0000000800000000)
  region size 2048K, 11 young (22528K), 4 survivors (8192K)
 Metaspace       used 24561K, committed 24896K, reserved 1114112K
  class space    used 3047K, committed 3200K, reserved 1048576K

Heap Regions: E=young(eden), S=young(survivor), O=old, HS=humongous(starts), HC=humongous(continues), CS=collection set, F=free, TAMS=top-at-mark-start, PB=parsable bottom
|   0|0x0000000705e00000, 0x0000000706000000, 0x0000000706000000|100%|HS|  |TAMS 0x0000000705e00000| PB 0x0000000705e00000| Complete |  0
|   1|0x0000000706000000, 0x0000000706000000, 0x0000000706200000|  0%| F|  |TAMS 0x0000000706000000| PB 0x0000000706000000| Untracked |  0
|   2|0x0000000706200000, 0x0000000706200000, 0x0000000706400000|  0%| F|  |TAMS 0x0000000706200000| PB 0x0000000706200000| Untracked |  0
|   3|0x0000000706400000, 0x0000000706400000, 0x0000000706600000|  0%| F|  |TAMS 0x0000000706400000| PB 0x0000000706400000| Untracked |  0
|   4|0x0000000706600000, 0x0000000706600000, 0x0000000706800000|  0%| F|  |TAMS 0x0000000706600000| PB 0x0000000706600000| Untracked |  0
|   5|0x0000000706800000, 0x0000000706800000, 0x0000000706a00000|  0%| F|  |TAMS 0x0000000706800000| PB 0x0000000706800000| Untracked |  0
|   6|0x0000000706a00000, 0x0000000706a00000, 0x0000000706c00000|  0%| F|  |TAMS 0x0000000706a00000| PB 0x0000000706a00000| Untracked |  0
|   7|0x0000000706c00000, 0x0000000706c00000, 0x0000000706e00000|  0%| F|  |TAMS 0x0000000706c00000| PB 0x0000000706c00000| Untracked |  0
|   8|0x0000000706e00000, 0x0000000706e00000, 0x0000000707000000|  0%| F|  |TAMS 0x0000000706e00000| PB 0x0000000706e00000| Untracked |  0
|   9|0x0000000707000000, 0x0000000707000000, 0x0000000707200000|  0%| F|  |TAMS 0x0000000707000000| PB 0x0000000707000000| Untracked |  0
|  10|0x0000000707200000, 0x0000000707200000, 0x0000000707400000|  0%| F|  |TAMS 0x0000000707200000| PB 0x0000000707200000| Untracked |  0
|  11|0x0000000707400000, 0x0000000707400000, 0x0000000707600000|  0%| F|  |TAMS 0x0000000707400000| PB 0x0000000707400000| Untracked |  0
|  12|0x0000000707600000, 0x0000000707600000, 0x0000000707800000|  0%| F|  |TAMS 0x0000000707600000| PB 0x0000000707600000| Untracked |  0
|  13|0x0000000707800000, 0x0000000707800000, 0x0000000707a00000|  0%| F|  |TAMS 0x0000000707800000| PB 0x0000000707800000| Untracked |  0
|  14|0x0000000707a00000, 0x0000000707a00000, 0x0000000707c00000|  0%| F|  |TAMS 0x0000000707a00000| PB 0x0000000707a00000| Untracked |  0
|  15|0x0000000707c00000, 0x0000000707c00000, 0x0000000707e00000|  0%| F|  |TAMS 0x0000000707c00000| PB 0x0000000707c00000| Untracked |  0
|  16|0x0000000707e00000, 0x0000000707e00000, 0x0000000708000000|  0%| F|  |TAMS 0x0000000707e00000| PB 0x0000000707e00000| Untracked |  0
|  17|0x0000000708000000, 0x0000000708000000, 0x0000000708200000|  0%| F|  |TAMS 0x0000000708000000| PB 0x0000000708000000| Untracked |  0
|  18|0x0000000708200000, 0x0000000708400000, 0x0000000708400000|100%|HS|  |TAMS 0x0000000708200000| PB 0x0000000708200000| Complete |  0
|  19|0x0000000708400000, 0x0000000708600000, 0x0000000708600000|100%|HC|  |TAMS 0x0000000708400000| PB 0x0000000708400000| Complete |  0
|  20|0x0000000708600000, 0x0000000708800000, 0x0000000708800000|100%|HC|  |TAMS 0x0000000708600000| PB 0x0000000708600000| Complete |  0
|  21|0x0000000708800000, 0x0000000708a00000, 0x0000000708a00000|100%|HC|  |TAMS 0x0000000708800000| PB 0x0000000708800000| Complete |  0
|  22|0x0000000708a00000, 0x0000000708c00000, 0x0000000708c00000|100%|HC|  |TAMS 0x0000000708a00000| PB 0x0000000708a00000| Complete |  0
|  23|0x0000000708c00000, 0x0000000708e00000, 0x0000000708e00000|100%|HC|  |TAMS 0x0000000708c00000| PB 0x0000000708c00000| Complete |  0
|  24|0x0000000708e00000, 0x0000000709000000, 0x0000000709000000|100%|HC|  |TAMS 0x0000000708e00000| PB 0x0000000708e00000| Complete |  0
|  25|0x0000000709000000, 0x0000000709200000, 0x0000000709200000|100%|HC|  |TAMS 0x0000000709000000| PB 0x0000000709000000| Complete |  0
|  26|0x0000000709200000, 0x0000000709400000, 0x0000000709400000|100%|HC|  |TAMS 0x0000000709200000| PB 0x0000000709200000| Complete |  0
|  27|0x0000000709400000, 0x0000000709600000, 0x0000000709600000|100%|HC|  |TAMS 0x0000000709400000| PB 0x0000000709400000| Complete |  0
|  28|0x0000000709600000, 0x0000000709800000, 0x0000000709800000|100%|HC|  |TAMS 0x0000000709600000| PB 0x0000000709600000| Complete |  0
|  29|0x0000000709800000, 0x0000000709a00000, 0x0000000709a00000|100%|HC|  |TAMS 0x0000000709800000| PB 0x0000000709800000| Complete |  0
|  30|0x0000000709a00000, 0x0000000709c00000, 0x0000000709c00000|100%|HC|  |TAMS 0x0000000709a00000| PB 0x0000000709a00000| Complete |  0
|  31|0x0000000709c00000, 0x0000000709e00000, 0x0000000709e00000|100%|HC|  |TAMS 0x0000000709c00000| PB 0x0000000709c00000| Complete |  0
|  32|0x0000000709e00000, 0x000000070a000000, 0x000000070a000000|100%|HC|  |TAMS 0x0000000709e00000| PB 0x0000000709e00000| Complete |  0
|  33|0x000000070a000000, 0x000000070a200000, 0x000000070a200000|100%|HC|  |TAMS 0x000000070a000000| PB 0x000000070a000000| Complete |  0
|  34|0x000000070a200000, 0x000000070a400000, 0x000000070a400000|100%|HC|  |TAMS 0x000000070a200000| PB 0x000000070a200000| Complete |  0
|  35|0x000000070a400000, 0x000000070a600000, 0x000000070a600000|100%|HC|  |TAMS 0x000000070a400000| PB 0x000000070a400000| Complete |  0
|  36|0x000000070a600000, 0x000000070a800000, 0x000000070a800000|100%|HC|  |TAMS 0x000000070a600000| PB 0x000000070a600000| Complete |  0
|  37|0x000000070a800000, 0x000000070aa00000, 0x000000070aa00000|100%|HC|  |TAMS 0x000000070a800000| PB 0x000000070a800000| Complete |  0
|  38|0x000000070aa00000, 0x000000070ac00000, 0x000000070ac00000|100%|HC|  |TAMS 0x000000070aa00000| PB 0x000000070aa00000| Complete |  0
|  39|0x000000070ac00000, 0x000000070ae00000, 0x000000070ae00000|100%|HC|  |TAMS 0x000000070ac00000| PB 0x000000070ac00000| Complete |  0
|  40|0x000000070ae00000, 0x000000070b000000, 0x000000070b000000|100%|HC|  |TAMS 0x000000070ae00000| PB 0x000000070ae00000| Complete |  0
|  41|0x000000070b000000, 0x000000070b200000, 0x000000070b200000|100%|HC|  |TAMS 0x000000070b000000| PB 0x000000070b000000| Complete |  0
|  42|0x000000070b200000, 0x000000070b400000, 0x000000070b400000|100%|HC|  |TAMS 0x000000070b200000| PB 0x000000070b200000| Complete |  0
|  43|0x000000070b400000, 0x000000070b600000, 0x000000070b600000|100%| S|CS|TAMS 0x000000070b400000| PB 0x000000070b400000| Complete |  0
|  44|0x000000070b600000, 0x000000070b800000, 0x000000070b800000|100%| S|CS|TAMS 0x000000070b600000| PB 0x000000070b600000| Complete |  0
|  45|0x000000070b800000, 0x000000070ba00000, 0x000000070ba00000|100%| S|CS|TAMS 0x000000070b800000| PB 0x000000070b800000| Complete |  0
|  46|0x000000070ba00000, 0x000000070bbf2a50, 0x000000070bc00000| 97%| S|CS|TAMS 0x000000070ba00000| PB 0x000000070ba00000| Complete |  0
|  81|0x0000000710000000, 0x0000000710000000, 0x0000000710200000|  0%| F|  |TAMS 0x0000000710000000| PB 0x0000000710000000| Untracked |  0
|  82|0x0000000710200000, 0x0000000710400000, 0x0000000710400000|100%| E|  |TAMS 0x0000000710200000| PB 0x0000000710200000| Complete |  0
|  83|0x0000000710400000, 0x0000000710600000, 0x0000000710600000|100%| E|CS|TAMS 0x0000000710400000| PB 0x0000000710400000| Complete |  0
|  84|0x0000000710600000, 0x0000000710800000, 0x0000000710800000|100%| E|CS|TAMS 0x0000000710600000| PB 0x0000000710600000| Complete |  0
|  85|0x0000000710800000, 0x0000000710a00000, 0x0000000710a00000|100%| E|CS|TAMS 0x0000000710800000| PB 0x0000000710800000| Complete |  0
|  86|0x0000000710a00000, 0x0000000710c00000, 0x0000000710c00000|100%| E|CS|TAMS 0x0000000710a00000| PB 0x0000000710a00000| Complete |  0
|  87|0x0000000710c00000, 0x0000000710e00000, 0x0000000710e00000|100%| E|CS|TAMS 0x0000000710c00000| PB 0x0000000710c00000| Complete |  0
| 125|0x0000000715800000, 0x0000000715a00000, 0x0000000715a00000|100%| E|CS|TAMS 0x0000000715800000| PB 0x0000000715800000| Complete |  0
|1997|0x00000007ff800000, 0x00000007ff946fc0, 0x00000007ffa00000| 63%| O|  |TAMS 0x00000007ff800000| PB 0x00000007ff800000| Untracked |  0
|1998|0x00000007ffa00000, 0x00000007ffc00000, 0x00000007ffc00000|100%| O|  |TAMS 0x00000007ffa00000| PB 0x00000007ffa00000| Untracked |  0
|1999|0x00000007ffc00000, 0x00000007ffe00000, 0x00000007ffe00000|100%| O|  |TAMS 0x00000007ffc00000| PB 0x00000007ffc00000| Untracked |  0
|2000|0x00000007ffe00000, 0x00000007fff1c348, 0x0000000800000000| 55%| O|Cm|TAMS 0x00000007ffe00000| PB 0x00000007ffe00000| Complete |  0

Card table byte_map: [0x00000258cad90000,0x00000258cb570000] _byte_map_base: 0x00000258c7561000

Marking Bits: (CMBitMap*) 0x00000258b23d6e20
 Bits: [0x00000258cb570000, 0x00000258cf3f8000)

Polling page: 0x00000258b0560000

Metaspace:

Usage:
  Non-class:     21.01 MB used.
      Class:      2.98 MB used.
       Both:     23.99 MB used.

Virtual space:
  Non-class space:       64.00 MB reserved,      21.19 MB ( 33%) committed,  1 nodes.
      Class space:        1.00 GB reserved,       3.12 MB ( <1%) committed,  1 nodes.
             Both:        1.06 GB reserved,      24.31 MB (  2%) committed. 

Chunk freelists:
   Non-Class:  10.72 MB
       Class:  12.90 MB
        Both:  23.62 MB

MaxMetaspaceSize: unlimited
CompressedClassSpaceSize: 1.00 GB
Initial GC threshold: 21.00 MB
Current GC threshold: 35.12 MB
CDS: on
 - commit_granule_bytes: 65536.
 - commit_granule_words: 8192.
 - virtual_space_node_default_size: 8388608.
 - enlarge_chunks_in_place: 1.
UseCompressedClassPointers 1, UseCompactObjectHeaders 0
Narrow klass pointer bits 32, Max shift 3
Narrow klass base: 0x00000258d3000000, Narrow klass shift: 0
Encoding Range: [0x00000258d3000000 - 0x00000259d3000000), (4294967296 bytes)
Klass Range:    [0x00000258d3000000 - 0x0000025914000000), (1090519040 bytes)
Klass ID Range:  [8 - 1090519033) (1090519025)


Internal statistics:

num_allocs_failed_limit: 3.
num_arena_births: 314.
num_arena_deaths: 0.
num_vsnodes_births: 2.
num_vsnodes_deaths: 0.
num_space_committed: 389.
num_space_uncommitted: 0.
num_chunks_returned_to_freelist: 3.
num_chunks_taken_from_freelist: 1079.
num_chunk_merges: 3.
num_chunk_splits: 738.
num_chunks_enlarged: 586.
num_inconsistent_stats: 0.

CodeHeap 'non-profiled nmethods': size=119232Kb used=2590Kb max_used=2590Kb free=116641Kb
 bounds [0x00000258c27a0000, 0x00000258c2a30000, 0x00000258c9c10000]
CodeHeap 'profiled nmethods': size=119104Kb used=11325Kb max_used=11325Kb free=107778Kb
 bounds [0x00000258bac10000, 0x00000258bb720000, 0x00000258c2060000]
CodeHeap 'non-nmethods': size=7424Kb used=1706Kb max_used=3570Kb free=5718Kb
 bounds [0x00000258c2060000, 0x00000258c2400000, 0x00000258c27a0000]
CodeCache: size=245760Kb, used=15621Kb, max_used=17485Kb, free=230137Kb
 total_blobs=7063, nmethods=6190, adapters=775, full_count=0
Compilation: enabled, stopped_count=0, restarted_count=0

Compilation events (20 events):
Event: 15.969 Thread 0x00000258d18de6e0 6271       3       com.sun.javafx.sg.prism.NGNode::accumulateDirtyRegions (112 bytes)
Event: 15.969 Thread 0x00000258d18de6e0 nmethod 6271 0x00000258bb71d208 code [0x00000258bb71d380, 0x00000258bb71d8e0]
Event: 16.016 Thread 0x00000258d18de6e0 6272       1       com.sun.javafx.scene.control.behavior.BehaviorBase::getNode (5 bytes)
Event: 16.016 Thread 0x00000258d18de6e0 nmethod 6272 0x00000258c2a27088 code [0x00000258c2a27180, 0x00000258c2a27248]
Event: 16.017 Thread 0x00000258d18de6e0 6273       3       java.lang.CharSequence::isEmpty (15 bytes)
Event: 16.017 Thread 0x00000258d18de6e0 nmethod 6273 0x00000258bb71d988 code [0x00000258bb71daa0, 0x00000258bb71dcb0]
Event: 16.025 Thread 0x00000258d18de6e0 6274       3       com.sun.javafx.scene.NodeHelper::pickNodeLocalImpl (12 bytes)
Event: 16.026 Thread 0x00000258d18de6e0 nmethod 6274 0x00000258bb71dd08 code [0x00000258bb71de40, 0x00000258bb71e130]
Event: 16.026 Thread 0x00000258d18de6e0 6275       3       javafx.scene.Node$1::doPickNodeLocal (7 bytes)
Event: 16.026 Thread 0x00000258d18de6e0 nmethod 6275 0x00000258bb71e188 code [0x00000258bb71e2a0, 0x00000258bb71e4c8]
Event: 16.026 Thread 0x00000258d18de6e0 6276       3       javafx.scene.Node::doPickNodeLocal (8 bytes)
Event: 16.026 Thread 0x00000258d18de6e0 nmethod 6276 0x00000258bb71e508 code [0x00000258bb71e620, 0x00000258bb71e7d8]
Event: 16.065 Thread 0x00000258d24a1e30 6277       4       java.util.concurrent.ConcurrentHashMap$ValueIterator::next (34 bytes)
Event: 16.071 Thread 0x00000258d24a1e30 nmethod 6277 0x00000258c2a27388 code [0x00000258c2a274a0, 0x00000258c2a279b0]
Event: 16.121 Thread 0x00000258d18de6e0 6278       3       com.sun.javafx.application.PlatformImpl::isFxApplicationThread (7 bytes)
Event: 16.122 Thread 0x00000258d18de6e0 nmethod 6278 0x00000258bb71e808 code [0x00000258bb71e940, 0x00000258bb71ebb0]
Event: 16.123 Thread 0x00000258d18de6e0 6279       3       java.nio.CharBuffer::arrayOffset (35 bytes)
Event: 16.123 Thread 0x00000258d18de6e0 nmethod 6279 0x00000258bb71ec08 code [0x00000258bb71ed40, 0x00000258bb71f008]
Event: 16.148 Thread 0x00000258d18de6e0 6280       3       javafx.beans.property.ReadOnlyBooleanWrapper::fireValueChangedEvent (19 bytes)
Event: 16.148 Thread 0x00000258d18de6e0 nmethod 6280 0x00000258bb71f088 code [0x00000258bb71f1e0, 0x00000258bb71f710]

GC Heap History (6 events):
Event: 1.258 GC heap before
{Heap before GC invocations=0 (full 0):
 garbage-first heap   total reserved 4098048K, committed 260096K, used 48240K [0x0000000705e00000, 0x0000000800000000)
  region size 2048K, 24 young (49152K), 0 survivors (0K)
 Metaspace       used 10363K, committed 10624K, reserved 1114112K
  class space    used 1108K, committed 1216K, reserved 1048576K
}
Event: 1.266 GC heap after
{Heap after GC invocations=1 (full 0):
 garbage-first heap   total reserved 4098048K, committed 260096K, used 6619K [0x0000000705e00000, 0x0000000800000000)
  region size 2048K, 3 young (6144K), 3 survivors (6144K)
 Metaspace       used 10363K, committed 10624K, reserved 1114112K
  class space    used 1108K, committed 1216K, reserved 1048576K
}
Event: 3.306 GC heap before
{Heap before GC invocations=1 (full 0):
 garbage-first heap   total reserved 4098048K, committed 260096K, used 76251K [0x0000000705e00000, 0x0000000800000000)
  region size 2048K, 38 young (77824K), 3 survivors (6144K)
 Metaspace       used 21159K, committed 21504K, reserved 1114112K
  class space    used 2760K, committed 2944K, reserved 1048576K
}
Event: 3.319 GC heap after
{Heap after GC invocations=2 (full 0):
 garbage-first heap   total reserved 4098048K, committed 260096K, used 15414K [0x0000000705e00000, 0x0000000800000000)
  region size 2048K, 7 young (14336K), 7 survivors (14336K)
 Metaspace       used 21159K, committed 21504K, reserved 1114112K
  class space    used 2760K, committed 2944K, reserved 1048576K
}
Event: 7.147 GC heap before
{Heap before GC invocations=3 (full 0):
 garbage-first heap   total reserved 4098048K, committed 106496K, used 105526K [0x0000000705e00000, 0x0000000800000000)
  region size 2048K, 25 young (51200K), 7 survivors (14336K)
 Metaspace       used 24261K, committed 24576K, reserved 1114112K
  class space    used 3032K, committed 3200K, reserved 1048576K
}
Event: 7.158 GC heap after
{Heap after GC invocations=4 (full 0):
 garbage-first heap   total reserved 4098048K, committed 120832K, used 67927K [0x0000000705e00000, 0x0000000800000000)
  region size 2048K, 4 young (8192K), 4 survivors (8192K)
 Metaspace       used 24261K, committed 24576K, reserved 1114112K
  class space    used 3032K, committed 3200K, reserved 1048576K
}

Dll operation events (20 events):
Event: 0.451 Loaded shared library C:\Users\Asus\.openjfx\cache\17.0.6\api-ms-win-crt-private-l1-1-0.dll
Event: 0.454 Loaded shared library C:\Users\Asus\.openjfx\cache\17.0.6\api-ms-win-crt-process-l1-1-0.dll
Event: 0.457 Loaded shared library C:\Users\Asus\.openjfx\cache\17.0.6\api-ms-win-crt-runtime-l1-1-0.dll
Event: 0.459 Loaded shared library C:\Users\Asus\.openjfx\cache\17.0.6\api-ms-win-crt-stdio-l1-1-0.dll
Event: 0.461 Loaded shared library C:\Users\Asus\.openjfx\cache\17.0.6\api-ms-win-crt-string-l1-1-0.dll
Event: 0.463 Loaded shared library C:\Users\Asus\.openjfx\cache\17.0.6\api-ms-win-crt-time-l1-1-0.dll
Event: 0.466 Loaded shared library C:\Users\Asus\.openjfx\cache\17.0.6\api-ms-win-crt-utility-l1-1-0.dll
Event: 0.483 Loaded shared library C:\Users\Asus\.openjfx\cache\17.0.6\ucrtbase.dll
Event: 0.487 Loaded shared library C:\Users\Asus\.openjfx\cache\17.0.6\vcruntime140.dll
Event: 0.491 Loaded shared library C:\Users\Asus\.openjfx\cache\17.0.6\vcruntime140_1.dll
Event: 0.500 Loaded shared library C:\Users\Asus\.openjfx\cache\17.0.6\msvcp140.dll
Event: 0.502 Loaded shared library C:\Users\Asus\.openjfx\cache\17.0.6\msvcp140_1.dll
Event: 0.508 Loaded shared library C:\Users\Asus\.openjfx\cache\17.0.6\msvcp140_2.dll
Event: 0.554 Loaded shared library C:\Users\Asus\.openjfx\cache\17.0.6\prism_d3d.dll
Event: 0.647 Loaded shared library C:\Users\Asus\.openjfx\cache\17.0.6\glass.dll
Event: 0.797 Loaded shared library C:\Users\Asus\.jdks\openjdk-24\bin\jimage.dll
Event: 1.032 Loaded shared library C:\Users\Asus\.openjfx\cache\17.0.6\javafx_font.dll
Event: 1.476 Loaded shared library C:\Users\Asus\.jdks\openjdk-24\bin\management.dll
Event: 1.480 Loaded shared library C:\Users\Asus\.jdks\openjdk-24\bin\management_ext.dll
Event: 5.258 Loaded shared library C:\Users\Asus\.openjfx\cache\17.0.6\javafx_iio.dll

Deoptimization events (20 events):
Event: 11.339 Thread 0x0000025918defd90 DEOPT PACKING pc=0x00000258bb252b4e sp=0x000000a1d8bfdde0
Event: 11.339 Thread 0x0000025918defd90 DEOPT UNPACKING pc=0x00000258c20b5722 sp=0x000000a1d8bfd2a8 mode 0
Event: 12.063 Thread 0x0000025918defd90 DEOPT PACKING pc=0x00000258bb6c45ac sp=0x000000a1d8bfe0c0
Event: 12.063 Thread 0x0000025918defd90 DEOPT UNPACKING pc=0x00000258c20b5722 sp=0x000000a1d8bfd5e0 mode 0
Event: 13.197 Thread 0x00000259192b2d30 Uncommon trap: trap_request=0xffffff6e fr.pc=0x00000258c2a1d4b0 relative=0x00000000000009b0
Event: 13.197 Thread 0x00000259192b2d30 Uncommon trap: reason=loop_limit_check action=maybe_recompile pc=0x00000258c2a1d4b0 method=javafx.scene.Parent.pickChildrenNode(Lcom/sun/javafx/geom/PickRay;Lcom/sun/javafx/scene/input/PickResultChooser;)Z @ 17 c2
Event: 13.197 Thread 0x00000259192b2d30 DEOPT PACKING pc=0x00000258c2a1d4b0 sp=0x000000a1d8cfba60
Event: 13.197 Thread 0x00000259192b2d30 DEOPT UNPACKING pc=0x00000258c2291d02 sp=0x000000a1d8cfb810 mode 2
Event: 13.197 Thread 0x00000259192b2d30 Uncommon trap: trap_request=0xffffff6e fr.pc=0x00000258c2a1e6f4 relative=0x0000000000000914
Event: 13.197 Thread 0x00000259192b2d30 Uncommon trap: reason=loop_limit_check action=maybe_recompile pc=0x00000258c2a1e6f4 method=javafx.scene.Parent.pickChildrenNode(Lcom/sun/javafx/geom/PickRay;Lcom/sun/javafx/scene/input/PickResultChooser;)Z @ 17 c2
Event: 13.197 Thread 0x00000259192b2d30 DEOPT PACKING pc=0x00000258c2a1e6f4 sp=0x000000a1d8cfb470
Event: 13.197 Thread 0x00000259192b2d30 DEOPT UNPACKING pc=0x00000258c2291d02 sp=0x000000a1d8cfb310 mode 2
Event: 16.117 Thread 0x00000259192b2d30 Uncommon trap: trap_request=0xffffff4d fr.pc=0x00000258c28c0158 relative=0x0000000000000778
Event: 16.117 Thread 0x00000259192b2d30 Uncommon trap: reason=unstable_if action=reinterpret pc=0x00000258c28c0158 method=com.sun.glass.ui.Timer.resume()V @ 6 c2
Event: 16.117 Thread 0x00000259192b2d30 DEOPT PACKING pc=0x00000258c28c0158 sp=0x000000a1d8cfb0f0
Event: 16.117 Thread 0x00000259192b2d30 DEOPT UNPACKING pc=0x00000258c2291d02 sp=0x000000a1d8cfaf10 mode 2
Event: 16.117 Thread 0x00000259192b2d30 Uncommon trap: trap_request=0xffffff4d fr.pc=0x00000258c28fcc48 relative=0x00000000000007a8
Event: 16.117 Thread 0x00000259192b2d30 Uncommon trap: reason=unstable_if action=reinterpret pc=0x00000258c28fcc48 method=com.sun.glass.ui.Timer.resume()V @ 6 c2
Event: 16.117 Thread 0x00000259192b2d30 DEOPT PACKING pc=0x00000258c28fcc48 sp=0x000000a1d8cfafa0
Event: 16.117 Thread 0x00000259192b2d30 DEOPT UNPACKING pc=0x00000258c2291d02 sp=0x000000a1d8cfad68 mode 2

Classes loaded (20 events):
Event: 3.393 Loading class java/util/stream/WhileOps$DropWhileSink done
Event: 3.393 Loading class java/util/stream/WhileOps$1Op$1OpSink done
Event: 3.473 Loading class java/lang/FdLibm$Acos
Event: 3.473 Loading class java/lang/FdLibm$Acos done
Event: 3.480 Loading class java/lang/invoke/BoundMethodHandle$Species_LLLL
Event: 3.480 Loading class java/lang/invoke/BoundMethodHandle$Species_LLLL done
Event: 3.760 Loading class java/util/EnumMap$Values
Event: 3.760 Loading class java/util/EnumMap$Values done
Event: 3.761 Loading class java/util/EnumMap$ValueIterator
Event: 3.761 Loading class java/util/EnumMap$EnumMapIterator
Event: 3.761 Loading class java/util/EnumMap$EnumMapIterator done
Event: 3.761 Loading class java/util/EnumMap$ValueIterator done
Event: 3.799 Loading class java/lang/FdLibm$Cbrt
Event: 3.799 Loading class java/lang/FdLibm$Cbrt done
Event: 5.250 Loading class java/io/SequenceInputStream
Event: 5.250 Loading class java/io/SequenceInputStream done
Event: 16.122 Loading class java/lang/Throwable$WrappedPrintStream
Event: 16.122 Loading class java/lang/Throwable$PrintStreamOrWriter
Event: 16.122 Loading class java/lang/Throwable$PrintStreamOrWriter done
Event: 16.122 Loading class java/lang/Throwable$WrappedPrintStream done

Classes unloaded (0 events):
No events

Classes redefined (0 events):
No events

Internal exceptions (20 events):
Event: 2.344 Thread 0x00000259192b2d30 Exception <a 'java/lang/ClassNotFoundException'{0x000000071417dfa0}: com/sun/javafx/scene/control/skin/resources/controls> (0x000000071417dfa0) 
thrown [s\open\src\hotspot\share\prims\jni.cpp, line 536]
Event: 2.346 Thread 0x00000259192b2d30 Exception <a 'java/lang/ClassNotFoundException'{0x000000071418afb0}: com/sun/javafx/scene/control/skin/resources/controls_ru> (0x000000071418afb0) 
thrown [s\open\src\hotspot\share\prims\jni.cpp, line 536]
Event: 2.346 Thread 0x00000259192b2d30 Exception <a 'java/lang/ClassNotFoundException'{0x000000071418be10}: com/sun/javafx/scene/control/skin/resources/controls_ru_RU> (0x000000071418be10) 
thrown [s\open\src\hotspot\share\prims\jni.cpp, line 536]
Event: 2.368 Thread 0x00000259192b2d30 Exception <a 'java/lang/IncompatibleClassChangeError'{0x0000000713eb7580}: Found class java.lang.Object, but interface was expected> (0x0000000713eb7580) 
thrown [s\open\src\hotspot\share\interpreter\linkResolver.cpp, line 872]
Event: 2.476 Thread 0x00000259192b2d30 Exception <a 'java/lang/NoSuchMethodError'{0x0000000713bac260}: 'void java.lang.invoke.DirectMethodHandle$Holder.invokeSpecialIFC(java.lang.Object, java.lang.Object, java.lang.Object, java.lang.Object)'> (0x0000000713bac260) 
thrown [s\open\src\hotspot\share\interpreter\linkResolver.cpp, line 805]
Event: 2.544 Thread 0x00000259192b2d30 Exception <a 'java/lang/NoSuchMethodError'{0x000000071378e070}: 'int java.lang.invoke.DirectMethodHandle$Holder.invokeSpecial(java.lang.Object, java.lang.Object, int)'> (0x000000071378e070) 
thrown [s\open\src\hotspot\share\interpreter\linkResolver.cpp, line 805]
Event: 2.822 Thread 0x00000259192b2d30 Exception <a 'java/lang/NoSuchMethodError'{0x0000000712046630}: 'void java.lang.invoke.DirectMethodHandle$Holder.invokeSpecial(java.lang.Object, java.lang.Object, java.lang.Object, java.lang.Object, java.lang.Object, java.lang.Object)'> (0x0000000712046630) 
thrown [s\open\src\hotspot\share\interpreter\linkResolver.cpp, line 805]
Event: 2.827 Thread 0x00000259192b2d30 Implicit null exception at 0x00000258c288240a to 0x00000258c2882b74
Event: 3.112 Thread 0x00000259192b2d30 Exception <a 'java/lang/NoSuchMethodError'{0x0000000711369fa8}: 'void java.lang.invoke.DirectMethodHandle$Holder.invokeSpecial(java.lang.Object, java.lang.Object, int, int)'> (0x0000000711369fa8) 
thrown [s\open\src\hotspot\share\interpreter\linkResolver.cpp, line 805]
Event: 3.115 Thread 0x00000259192b2d30 Exception <a 'java/lang/NoSuchMethodError'{0x0000000711379690}: 'java.lang.Object java.lang.invoke.DirectMethodHandle$Holder.newInvokeSpecial(java.lang.Object, java.lang.Object, int, int)'> (0x0000000711379690) 
thrown [s\open\src\hotspot\share\interpreter\linkResolver.cpp, line 805]
Event: 3.126 Thread 0x00000259192b2d30 Exception <a 'java/lang/NoSuchMethodError'{0x0000000711399d18}: 'java.lang.Object java.lang.invoke.DirectMethodHandle$Holder.newInvokeSpecial(java.lang.Object, java.lang.Object, int)'> (0x0000000711399d18) 
thrown [s\open\src\hotspot\share\interpreter\linkResolver.cpp, line 805]
Event: 3.455 Thread 0x0000025918defd90 Exception <a 'java/lang/NoSuchMethodError'{0x0000000707f30318}: 'java.lang.Object java.lang.invoke.DirectMethodHandle$Holder.invokeStaticInit(java.lang.Object, int)'> (0x0000000707f30318) 
thrown [s\open\src\hotspot\share\interpreter\linkResolver.cpp, line 805]
Event: 3.730 Thread 0x00000259192b2d30 Exception <a 'java/lang/NoSuchMethodError'{0x00000007072612d0}: 'long java.lang.invoke.DirectMethodHandle$Holder.invokeStaticInit(java.lang.Object, java.lang.Object, java.lang.Object)'> (0x00000007072612d0) 
thrown [s\open\src\hotspot\share\interpreter\linkResolver.cpp, line 805]
Event: 3.735 Thread 0x00000259192b2d30 Exception <a 'java/lang/NoSuchMethodError'{0x00000007072abd88}: 'java.lang.Object java.lang.invoke.DirectMethodHandle$Holder.newInvokeSpecial(java.lang.Object, java.lang.Object, long)'> (0x00000007072abd88) 
thrown [s\open\src\hotspot\share\interpreter\linkResolver.cpp, line 805]
Event: 3.735 Thread 0x00000259192b2d30 Exception <a 'java/lang/NoSuchMethodError'{0x00000007072b4920}: 'java.lang.Object java.lang.invoke.Invokers$Holder.linkToTargetMethod(java.lang.Object, long, java.lang.Object)'> (0x00000007072b4920) 
thrown [s\open\src\hotspot\share\interpreter\linkResolver.cpp, line 805]
Event: 5.253 Thread 0x00000259192b2d30 Exception <a 'java/io/IOException'{0x000000070697a990}> (0x000000070697a990) 
thrown [s\open\src\hotspot\share\prims\jni.cpp, line 518]
Event: 5.647 Thread 0x00000259192b2d30 Implicit null exception at 0x00000258c28bb1ef to 0x00000258c28bb260
Event: 15.962 Thread 0x00000259192b2d30 Exception <a 'java/lang/NoSuchMethodError'{0x00000007105d7350}: 'java.lang.Object java.lang.invoke.DirectMethodHandle$Holder.newInvokeSpecial(java.lang.Object, java.lang.Object, int, int, int, int, int, java.lang.Object)'> (0x00000007105d7350) 
thrown [s\open\src\hotspot\share\interpreter\linkResolver.cpp, line 805]
Event: 15.965 Thread 0x00000259192b2d30 Exception <a 'java/lang/NoSuchMethodError'{0x0000000710200340}: 'java.lang.Object java.lang.invoke.DirectMethodHandle$Holder.newInvokeSpecial(java.lang.Object, java.lang.Object, java.lang.Object, int, int, int, int, int)'> (0x0000000710200340) 
thrown [s\open\src\hotspot\share\interpreter\linkResolver.cpp, line 805]
Event: 15.965 Thread 0x00000259192b2d30 Exception <a 'java/lang/NoSuchMethodError'{0x0000000710210be8}: 'java.lang.Object java.lang.invoke.Invokers$Holder.linkToTargetMethod(java.lang.Object, java.lang.Object, int, int, int, int, int, java.lang.Object)'> (0x0000000710210be8) 
thrown [s\open\src\hotspot\share\interpreter\linkResolver.cpp, line 805]

VM Operations (20 events):
Event: 1.696 Executing VM operation: HandshakeAllThreads (Deoptimize)
Event: 1.696 Executing VM operation: HandshakeAllThreads (Deoptimize) done
Event: 1.733 Executing VM operation: HandshakeAllThreads (Deoptimize)
Event: 1.733 Executing VM operation: HandshakeAllThreads (Deoptimize) done
Event: 1.755 Executing VM operation: HandshakeAllThreads (Deoptimize)
Event: 1.755 Executing VM operation: HandshakeAllThreads (Deoptimize) done
Event: 1.946 Executing VM operation: HandshakeAllThreads (Deoptimize)
Event: 1.946 Executing VM operation: HandshakeAllThreads (Deoptimize) done
Event: 1.946 Executing VM operation: HandshakeAllThreads (Deoptimize)
Event: 1.946 Executing VM operation: HandshakeAllThreads (Deoptimize) done
Event: 2.361 Executing VM operation: HandshakeAllThreads (Deoptimize)
Event: 2.361 Executing VM operation: HandshakeAllThreads (Deoptimize) done
Event: 3.306 Executing VM operation: CollectForMetadataAllocation (Metadata GC Threshold)
Event: 3.320 Executing VM operation: CollectForMetadataAllocation (Metadata GC Threshold) done
Event: 3.326 Executing VM operation: G1PauseRemark
Event: 3.328 Executing VM operation: G1PauseRemark done
Event: 3.331 Executing VM operation: G1PauseCleanup
Event: 3.331 Executing VM operation: G1PauseCleanup done
Event: 7.147 Executing VM operation: G1CollectForAllocation (G1 Evacuation Pause)
Event: 7.158 Executing VM operation: G1CollectForAllocation (G1 Evacuation Pause) done

Memory protections (0 events):
No events

Nmethod flushes (0 events):
No events

Events (20 events):
Event: 7.164 Thread 0x00000258d18de6e0 Thread added: 0x0000025922123850
Event: 7.176 Thread 0x00000258d24f5d70 Thread added: 0x000002591ef318f0
Event: 7.677 Thread 0x000002591ef318f0 Thread exited: 0x000002591ef318f0
Event: 7.694 Thread 0x0000025922123850 Thread exited: 0x0000025922123850
Event: 7.822 Thread 0x000002591e9de300 Thread exited: 0x000002591e9de300
Event: 8.195 Thread 0x00000258d24a1e30 Thread added: 0x000002591e9de300
Event: 8.703 Thread 0x000002591e9de300 Thread exited: 0x000002591e9de300
Event: 10.194 Thread 0x00000258d24a1e30 Thread added: 0x0000025922123850
Event: 10.445 Thread 0x0000025922123850 Thread exited: 0x0000025922123850
Event: 10.445 Thread 0x00000258d26a25f0 Thread exited: 0x00000258d26a25f0
Event: 11.262 Thread 0x00000258d24f35d0 Thread added: 0x0000025922123850
Event: 11.262 Thread 0x00000258d24f35d0 Thread added: 0x0000025923ef87f0
Event: 11.290 Thread 0x00000258d24f35d0 Thread added: 0x0000025924057010
Event: 11.290 Thread 0x00000258d24f35d0 Thread added: 0x0000025922358b80
Event: 11.792 Thread 0x0000025922358b80 Thread exited: 0x0000025922358b80
Event: 11.792 Thread 0x0000025924057010 Thread exited: 0x0000025924057010
Event: 11.793 Thread 0x0000025923ef87f0 Thread exited: 0x0000025923ef87f0
Event: 11.798 Thread 0x0000025922123850 Thread exited: 0x0000025922123850
Event: 13.325 Thread 0x00000258d24f5d70 Thread exited: 0x00000258d24f5d70
Event: 13.325 Thread 0x00000258d24f35d0 Thread exited: 0x00000258d24f35d0


Dynamic libraries:
0x00007ff7ca430000 - 0x00007ff7ca43e000 	C:\Users\Asus\.jdks\openjdk-24\bin\java.exe
0x00007ffcd4cc0000 - 0x00007ffcd4f27000 	C:\WINDOWS\SYSTEM32\ntdll.dll
0x00007ffcd4000000 - 0x00007ffcd40c9000 	C:\WINDOWS\System32\KERNEL32.DLL
0x00007ffcd1840000 - 0x00007ffcd1c37000 	C:\WINDOWS\System32\KERNELBASE.dll
0x00007ffcd16f0000 - 0x00007ffcd183b000 	C:\WINDOWS\System32\ucrtbase.dll
0x00007ffcce950000 - 0x00007ffcce966000 	C:\Users\Asus\.jdks\openjdk-24\bin\jli.dll
0x00007ffccd210000 - 0x00007ffccd22b000 	C:\Users\Asus\.jdks\openjdk-24\bin\VCRUNTIME140.dll
0x00007ffcd2a40000 - 0x00007ffcd2c06000 	C:\WINDOWS\System32\USER32.dll
0x00007ffcd28e0000 - 0x00007ffcd2907000 	C:\WINDOWS\System32\win32u.dll
0x00007ffcd2e40000 - 0x00007ffcd2e6b000 	C:\WINDOWS\System32\GDI32.dll
0x00007ffcb5d10000 - 0x00007ffcb5fa2000 	C:\WINDOWS\WinSxS\amd64_microsoft.windows.common-controls_6595b64144ccf1df_6.0.26100.8457_none_3e0b2faee331e92d\COMCTL32.dll
0x00007ffcd2910000 - 0x00007ffcd2a3c000 	C:\WINDOWS\System32\gdi32full.dll
0x00007ffcd2d90000 - 0x00007ffcd2e39000 	C:\WINDOWS\System32\msvcrt.dll
0x00007ffcd2830000 - 0x00007ffcd28d3000 	C:\WINDOWS\System32\msvcp_win.dll
0x00007ffcd3fc0000 - 0x00007ffcd3ff2000 	C:\WINDOWS\System32\IMM32.DLL
0x00007ffccea00000 - 0x00007ffccea0c000 	C:\Users\Asus\.jdks\openjdk-24\bin\vcruntime140_1.dll
0x00007ffcbcf00000 - 0x00007ffcbcf8e000 	C:\Users\Asus\.jdks\openjdk-24\bin\msvcp140.dll
0x00007ffc28fa0000 - 0x00007ffc29d42000 	C:\Users\Asus\.jdks\openjdk-24\bin\server\jvm.dll
0x00007ffcd3ef0000 - 0x00007ffcd3fa6000 	C:\WINDOWS\System32\ADVAPI32.dll
0x00007ffcd2c90000 - 0x00007ffcd2d37000 	C:\WINDOWS\System32\sechost.dll
0x00007ffcd4900000 - 0x00007ffcd4a18000 	C:\WINDOWS\System32\RPCRT4.dll
0x00007ffcd2e70000 - 0x00007ffcd2ef0000 	C:\WINDOWS\System32\WS2_32.dll
0x00007ffcd02b0000 - 0x00007ffcd030e000 	C:\WINDOWS\SYSTEM32\POWRPROF.dll
0x00007ffcc8320000 - 0x00007ffcc8356000 	C:\WINDOWS\SYSTEM32\WINMM.dll
0x00007ffcc8310000 - 0x00007ffcc831b000 	C:\WINDOWS\SYSTEM32\VERSION.dll
0x00007ffcd0290000 - 0x00007ffcd02a4000 	C:\WINDOWS\SYSTEM32\UMPDC.dll
0x00007ffcd0560000 - 0x00007ffcd057b000 	C:\WINDOWS\SYSTEM32\kernel.appcore.dll
0x00007ffcce940000 - 0x00007ffcce94a000 	C:\Users\Asus\.jdks\openjdk-24\bin\jimage.dll
0x00007ffccf2a0000 - 0x00007ffccf4e2000 	C:\WINDOWS\SYSTEM32\DBGHELP.DLL
0x00007ffcd3960000 - 0x00007ffcd3ce3000 	C:\WINDOWS\System32\combase.dll
0x00007ffcd2f00000 - 0x00007ffcd2fd9000 	C:\WINDOWS\System32\OLEAUT32.dll
0x00007ffcce970000 - 0x00007ffcce9ab000 	C:\WINDOWS\SYSTEM32\dbgcore.DLL
0x00007ffcd2540000 - 0x00007ffcd25e8000 	C:\WINDOWS\System32\bcryptPrimitives.dll
0x00007ffcca4c0000 - 0x00007ffcca4cf000 	C:\Users\Asus\.jdks\openjdk-24\bin\instrument.dll
0x00007ffccac70000 - 0x00007ffccac8e000 	C:\Users\Asus\.jdks\openjdk-24\bin\java.dll
0x00007ffcd3cf0000 - 0x00007ffcd3e87000 	C:\WINDOWS\System32\ole32.dll
0x00007ffcd2fe0000 - 0x00007ffcd374e000 	C:\WINDOWS\System32\SHELL32.dll
0x00007ffcd1c40000 - 0x00007ffcd24ac000 	C:\WINDOWS\System32\windows.storage.dll
0x00007ffcd4b80000 - 0x00007ffcd4c76000 	C:\WINDOWS\System32\SHCORE.dll
0x00007ffcd3820000 - 0x00007ffcd3886000 	C:\WINDOWS\System32\shlwapi.dll
0x00007ffcd1610000 - 0x00007ffcd1639000 	C:\WINDOWS\SYSTEM32\profapi.dll
0x00007ffca7d90000 - 0x00007ffca7e67000 	C:\Users\Asus\.jdks\openjdk-24\bin\jsvml.dll
0x00007ffcca470000 - 0x00007ffcca480000 	C:\Users\Asus\.jdks\openjdk-24\bin\net.dll
0x00007ffcd0ab0000 - 0x00007ffcd0b1c000 	C:\WINDOWS\system32\mswsock.dll
0x00007ffcca450000 - 0x00007ffcca466000 	C:\Users\Asus\.jdks\openjdk-24\bin\nio.dll
0x00007ffcca410000 - 0x00007ffcca427000 	C:\Users\Asus\.jdks\openjdk-24\bin\zip.dll
0x00000258b22e0000 - 0x00000258b22e3000 	C:\Users\Asus\.openjfx\cache\17.0.6\api-ms-win-core-console-l1-1-0.dll
0x00000258b22f0000 - 0x00000258b22f3000 	C:\Users\Asus\.openjfx\cache\17.0.6\api-ms-win-core-console-l1-2-0.dll
0x00000258b2300000 - 0x00000258b2303000 	C:\Users\Asus\.openjfx\cache\17.0.6\api-ms-win-core-datetime-l1-1-0.dll
0x00000258b2310000 - 0x00000258b2313000 	C:\Users\Asus\.openjfx\cache\17.0.6\api-ms-win-core-debug-l1-1-0.dll
0x00000258b2320000 - 0x00000258b2323000 	C:\Users\Asus\.openjfx\cache\17.0.6\api-ms-win-core-errorhandling-l1-1-0.dll
0x00000258d2890000 - 0x00000258d2894000 	C:\Users\Asus\.openjfx\cache\17.0.6\api-ms-win-core-file-l1-1-0.dll
0x00000258d28a0000 - 0x00000258d28a3000 	C:\Users\Asus\.openjfx\cache\17.0.6\api-ms-win-core-file-l1-2-0.dll
0x00000258d28b0000 - 0x00000258d28b3000 	C:\Users\Asus\.openjfx\cache\17.0.6\api-ms-win-core-file-l2-1-0.dll
0x00000258d28c0000 - 0x00000258d28c3000 	C:\Users\Asus\.openjfx\cache\17.0.6\api-ms-win-core-handle-l1-1-0.dll
0x00000258d28d0000 - 0x00000258d28d3000 	C:\Users\Asus\.openjfx\cache\17.0.6\api-ms-win-core-heap-l1-1-0.dll
0x00000258d28e0000 - 0x00000258d28e3000 	C:\Users\Asus\.openjfx\cache\17.0.6\api-ms-win-core-interlocked-l1-1-0.dll
0x00000258d28f0000 - 0x00000258d28f3000 	C:\Users\Asus\.openjfx\cache\17.0.6\api-ms-win-core-libraryloader-l1-1-0.dll
0x00000258d2900000 - 0x00000258d2903000 	C:\Users\Asus\.openjfx\cache\17.0.6\api-ms-win-core-localization-l1-2-0.dll
0x00000258d2910000 - 0x00000258d2913000 	C:\Users\Asus\.openjfx\cache\17.0.6\api-ms-win-core-memory-l1-1-0.dll
0x00000258d2920000 - 0x00000258d2923000 	C:\Users\Asus\.openjfx\cache\17.0.6\api-ms-win-core-namedpipe-l1-1-0.dll
0x00000258d2930000 - 0x00000258d2933000 	C:\Users\Asus\.openjfx\cache\17.0.6\api-ms-win-core-processenvironment-l1-1-0.dll
0x00000258d2940000 - 0x00000258d2943000 	C:\Users\Asus\.openjfx\cache\17.0.6\api-ms-win-core-processthreads-l1-1-0.dll
0x00000258d2950000 - 0x00000258d2953000 	C:\Users\Asus\.openjfx\cache\17.0.6\api-ms-win-core-processthreads-l1-1-1.dll
0x00000258d2960000 - 0x00000258d2963000 	C:\Users\Asus\.openjfx\cache\17.0.6\api-ms-win-core-profile-l1-1-0.dll
0x00000258d2970000 - 0x00000258d2973000 	C:\Users\Asus\.openjfx\cache\17.0.6\api-ms-win-core-rtlsupport-l1-1-0.dll
0x00000258d2980000 - 0x00000258d2983000 	C:\Users\Asus\.openjfx\cache\17.0.6\api-ms-win-core-string-l1-1-0.dll
0x00000258d2990000 - 0x00000258d2993000 	C:\Users\Asus\.openjfx\cache\17.0.6\api-ms-win-core-synch-l1-1-0.dll
0x00000258d29a0000 - 0x00000258d29a3000 	C:\Users\Asus\.openjfx\cache\17.0.6\api-ms-win-core-synch-l1-2-0.dll
0x00000258d29b0000 - 0x00000258d29b3000 	C:\Users\Asus\.openjfx\cache\17.0.6\api-ms-win-core-sysinfo-l1-1-0.dll
0x00000258d29c0000 - 0x00000258d29c3000 	C:\Users\Asus\.openjfx\cache\17.0.6\api-ms-win-core-timezone-l1-1-0.dll
0x00000258d29d0000 - 0x00000258d29d3000 	C:\Users\Asus\.openjfx\cache\17.0.6\api-ms-win-core-util-l1-1-0.dll
0x00000258d29e0000 - 0x00000258d29e3000 	C:\Users\Asus\.openjfx\cache\17.0.6\api-ms-win-crt-conio-l1-1-0.dll
0x00000258d29f0000 - 0x00000258d29f4000 	C:\Users\Asus\.openjfx\cache\17.0.6\api-ms-win-crt-convert-l1-1-0.dll
0x00000258d2a00000 - 0x00000258d2a03000 	C:\Users\Asus\.openjfx\cache\17.0.6\api-ms-win-crt-environment-l1-1-0.dll
0x00000258d2a10000 - 0x00000258d2a13000 	C:\Users\Asus\.openjfx\cache\17.0.6\api-ms-win-crt-filesystem-l1-1-0.dll
0x00000258d2a20000 - 0x00000258d2a23000 	C:\Users\Asus\.openjfx\cache\17.0.6\api-ms-win-crt-heap-l1-1-0.dll
0x00000258d2a30000 - 0x00000258d2a33000 	C:\Users\Asus\.openjfx\cache\17.0.6\api-ms-win-crt-locale-l1-1-0.dll
0x00000258d2a40000 - 0x00000258d2a45000 	C:\Users\Asus\.openjfx\cache\17.0.6\api-ms-win-crt-math-l1-1-0.dll
0x00000258d2a50000 - 0x00000258d2a55000 	C:\Users\Asus\.openjfx\cache\17.0.6\api-ms-win-crt-multibyte-l1-1-0.dll
0x00000258d2a60000 - 0x00000258d2a70000 	C:\Users\Asus\.openjfx\cache\17.0.6\api-ms-win-crt-private-l1-1-0.dll
0x00000258d2a70000 - 0x00000258d2a73000 	C:\Users\Asus\.openjfx\cache\17.0.6\api-ms-win-crt-process-l1-1-0.dll
0x00000258d2a80000 - 0x00000258d2a84000 	C:\Users\Asus\.openjfx\cache\17.0.6\api-ms-win-crt-runtime-l1-1-0.dll
0x00000258d2a90000 - 0x00000258d2a94000 	C:\Users\Asus\.openjfx\cache\17.0.6\api-ms-win-crt-stdio-l1-1-0.dll
0x00000258d2aa0000 - 0x00000258d2aa4000 	C:\Users\Asus\.openjfx\cache\17.0.6\api-ms-win-crt-string-l1-1-0.dll
0x00000258d2ab0000 - 0x00000258d2ab3000 	C:\Users\Asus\.openjfx\cache\17.0.6\api-ms-win-crt-time-l1-1-0.dll
0x00000258d2ac0000 - 0x00000258d2ac3000 	C:\Users\Asus\.openjfx\cache\17.0.6\api-ms-win-crt-utility-l1-1-0.dll
0x00007ffc99620000 - 0x00007ffc9971c000 	C:\Users\Asus\.openjfx\cache\17.0.6\ucrtbase.dll
0x00007ffcbcea0000 - 0x00007ffcbceba000 	C:\Users\Asus\.openjfx\cache\17.0.6\vcruntime140.dll
0x00007ffcae3d0000 - 0x00007ffcae3dc000 	C:\Users\Asus\.openjfx\cache\17.0.6\vcruntime140_1.dll
0x00007ffc9c540000 - 0x00007ffc9c5cd000 	C:\Users\Asus\.openjfx\cache\17.0.6\msvcp140.dll
0x00007ffcad2c0000 - 0x00007ffcad2c9000 	C:\Users\Asus\.openjfx\cache\17.0.6\msvcp140_1.dll
0x00007ffca6220000 - 0x00007ffca624f000 	C:\Users\Asus\.openjfx\cache\17.0.6\msvcp140_2.dll
0x00007ffc9f2d0000 - 0x00007ffc9f2fa000 	C:\Users\Asus\.openjfx\cache\17.0.6\prism_d3d.dll
0x00007ffca39f0000 - 0x00007ffca3ba3000 	C:\WINDOWS\system32\d3d9.dll
0x00007ffcceed0000 - 0x00007ffcceeff000 	C:\WINDOWS\SYSTEM32\dwmapi.dll
0x00007ffccef80000 - 0x00007ffccefc5000 	C:\WINDOWS\SYSTEM32\dxcore.dll
0x00007ffccebc0000 - 0x00007ffccec6a000 	C:\WINDOWS\system32\uxtheme.dll
0x00007ffc9b440000 - 0x00007ffc9b6df000 	C:\WINDOWS\System32\DriverStore\FileRepository\iigd_dch.inf_amd64_38e51a298b862feb\igdumdim64.dll
0x00007ffbd3ee0000 - 0x00007ffbd5883000 	C:\WINDOWS\System32\DriverStore\FileRepository\iigd_dch.inf_amd64_38e51a298b862feb\igd9trinity64.dll
0x00007ffcced60000 - 0x00007ffccee9e000 	C:\WINDOWS\system32\dxgi.dll
0x00007ffcc7b00000 - 0x00007ffcc8093000 	C:\WINDOWS\System32\DriverStore\FileRepository\iigd_dch.inf_amd64_38e51a298b862feb\igdgmm64.dll
0x00007ffcc2880000 - 0x00007ffcc79c9000 	C:\WINDOWS\System32\DriverStore\FileRepository\iigd_dch.inf_amd64_38e51a298b862feb\igc64.dll
0x00007ffca3dd0000 - 0x00007ffca3e1d000 	C:\WINDOWS\SYSTEM32\ControlLib.dll
0x00007ffcd1350000 - 0x00007ffcd13a1000 	C:\WINDOWS\SYSTEM32\CFGMGR32.dll
0x00007ffca0390000 - 0x00007ffca043c000 	C:\WINDOWS\System32\DriverStore\FileRepository\iigd_dch.inf_amd64_38e51a298b862feb\IntelControlLib.dll
0x00007ffccb920000 - 0x00007ffccb981000 	C:\WINDOWS\SYSTEM32\directxdatabasehelper.dll
0x00007ffbd6210000 - 0x00007ffbd7935000 	C:\WINDOWS\System32\DriverStore\FileRepository\iigd_dch.inf_amd64_38e51a298b862feb\igd9dxva64.dll
0x00007ffcd4210000 - 0x00007ffcd4697000 	C:\WINDOWS\System32\SETUPAPI.dll
0x00007ffcb7450000 - 0x00007ffcb94c2000 	C:\WINDOWS\System32\DriverStore\FileRepository\iigd_dch.inf_amd64_38e51a298b862feb\media_bin_64.dll
0x00007ffc9ca10000 - 0x00007ffc9ca52000 	C:\Users\Asus\.openjfx\cache\17.0.6\glass.dll
0x00007ffcd40e0000 - 0x00007ffcd41d0000 	C:\WINDOWS\System32\COMDLG32.dll
0x00007ffcd4a20000 - 0x00007ffcd4b7c000 	C:\WINDOWS\System32\MSCTF.dll
0x00007ffc83ea0000 - 0x00007ffc84047000 	C:\WINDOWS\System32\DriverStore\FileRepository\iigd_dch.inf_amd64_38e51a298b862feb\igdml64.dll
0x00007ffcb7420000 - 0x00007ffcb7448000 	C:\WINDOWS\System32\DriverStore\FileRepository\iigd_dch.inf_amd64_38e51a298b862feb\igdinfo64.dll
0x00007ffcaadc0000 - 0x00007ffcaadd4000 	C:\Users\Asus\.openjfx\cache\17.0.6\javafx_font.dll
0x00007ffccd2a0000 - 0x00007ffccd507000 	C:\WINDOWS\SYSTEM32\dwrite.dll
0x00007ffccffb0000 - 0x00007ffcd00e2000 	C:\WINDOWS\SYSTEM32\DNSAPI.dll
0x00007ffccff10000 - 0x00007ffccff42000 	C:\WINDOWS\SYSTEM32\IPHLPAPI.DLL
0x00007ffcd3890000 - 0x00007ffcd389a000 	C:\WINDOWS\System32\NSI.dll
0x00007ffccb280000 - 0x00007ffccb28b000 	C:\Windows\System32\rasadhlp.dll
0x00007ffccc670000 - 0x00007ffccc6f6000 	C:\WINDOWS\System32\fwpuclnt.dll
0x00007ffcbcef0000 - 0x00007ffcbcefa000 	C:\Users\Asus\.jdks\openjdk-24\bin\management.dll
0x00007ffcbcee0000 - 0x00007ffcbceeb000 	C:\Users\Asus\.jdks\openjdk-24\bin\management_ext.dll
0x00007ffcd38a0000 - 0x00007ffcd38a8000 	C:\WINDOWS\System32\PSAPI.DLL
0x00007ffcd0eb0000 - 0x00007ffcd0ecb000 	C:\WINDOWS\SYSTEM32\CRYPTSP.dll
0x00007ffcd04c0000 - 0x00007ffcd04f9000 	C:\WINDOWS\system32\rsaenh.dll
0x00007ffcd0b60000 - 0x00007ffcd0b93000 	C:\WINDOWS\SYSTEM32\USERENV.dll

dbghelp: loaded successfully - version: 4.0.5 - missing functions: none
symbol engine: initialized successfully - sym options: 0x614 - pdb path: .;C:\Users\Asus\.jdks\openjdk-24\bin;C:\WINDOWS\SYSTEM32;C:\WINDOWS\WinSxS\amd64_microsoft.windows.common-controls_6595b64144ccf1df_6.0.26100.8457_none_3e0b2faee331e92d;C:\Users\Asus\.jdks\openjdk-24\bin\server;C:\Users\Asus\.openjfx\cache\17.0.6;C:\WINDOWS\System32\DriverStore\FileRepository\iigd_dch.inf_amd64_38e51a298b862feb;C:\Program Files\Common Files\Microsoft Shared\Ink

VM Arguments:
jvm_args: -javaagent:D:\IntelliJ IDEA Community Edition 2024.3.5\lib\idea_rt.jar=53438 -Dfile.encoding=UTF-8 -Dsun.stdout.encoding=UTF-8 -Dsun.stderr.encoding=UTF-8 --module-path=C:\Users\Asus\IdeaProjects\FlowerShop\target\classes;C:\Users\Asus\.m2\repository\org\openjfx\javafx-controls\17.0.6\javafx-controls-17.0.6-win.jar;C:\Users\Asus\.m2\repository\org\openjfx\javafx-fxml\17.0.6\javafx-fxml-17.0.6-win.jar;C:\Users\Asus\.m2\repository\org\openjfx\javafx-base\17.0.6\javafx-base-17.0.6-win.jar;C:\Users\Asus\.m2\repository\org\openjfx\javafx-graphics\17.0.6\javafx-graphics-17.0.6-win.jar -Djdk.module.main=ru.nosova.flowershop 
java_command: ru.nosova.flowershop/ru.nosova.flowershop.MainApplication
java_class_path (initial): C:\Users\Asus\.m2\repository\org\openjfx\javafx-controls\17.0.6\javafx-controls-17.0.6.jar;C:\Users\Asus\.m2\repository\org\openjfx\javafx-graphics\17.0.6\javafx-graphics-17.0.6.jar;C:\Users\Asus\.m2\repository\org\openjfx\javafx-base\17.0.6\javafx-base-17.0.6.jar;C:\Users\Asus\.m2\repository\org\openjfx\javafx-fxml\17.0.6\javafx-fxml-17.0.6.jar;C:\Users\Asus\.m2\repository\org\postgresql\postgresql\42.7.10\postgresql-42.7.10.jar;C:\Users\Asus\.m2\repository\org\checkerframework\checker-qual\3.52.0\checker-qual-3.52.0.jar
Launcher Type: SUN_STANDARD

[Global flags]
     intx CICompilerCount                          = 12                                        {product} {ergonomic}
     uint ConcGCThreads                            = 3                                         {product} {ergonomic}
     uint G1ConcRefinementThreads                  = 13                                        {product} {ergonomic}
   size_t G1HeapRegionSize                         = 2097152                                   {product} {ergonomic}
   size_t InitialHeapSize                          = 264241152                                 {product} {ergonomic}
   size_t MarkStackSize                            = 4194304                                   {product} {ergonomic}
   size_t MarkStackSizeMax                         = 536870912                                 {product} {ergonomic}
   size_t MaxHeapSize                              = 4196401152                                {product} {ergonomic}
   size_t MaxNewSize                               = 2516582400                                {product} {ergonomic}
   size_t MinHeapDeltaBytes                        = 2097152                                   {product} {ergonomic}
   size_t MinHeapSize                              = 8388608                                   {product} {ergonomic}
    uintx NonNMethodCodeHeapSize                   = 7602176                                {pd product} {ergonomic}
    uintx NonProfiledCodeHeapSize                  = 122093568                              {pd product} {ergonomic}
    uintx ProfiledCodeHeapSize                     = 121962496                              {pd product} {ergonomic}
    uintx ReservedCodeCacheSize                    = 251658240                              {pd product} {ergonomic}
     bool SegmentedCodeCache                       = true                                      {product} {ergonomic}
   size_t SoftMaxHeapSize                          = 4196401152                             {manageable} {ergonomic}
     bool UseCompressedOops                        = true                           {product lp64_product} {ergonomic}
     bool UseG1GC                                  = true                                      {product} {ergonomic}
     bool UseLargePagesIndividualAllocation        = false                                  {pd product} {ergonomic}

Logging:
Log output configuration:
 #0: stdout all=warning uptime,level,tags foldmultilines=false
 #1: stderr all=off uptime,level,tags foldmultilines=false

Environment Variables:
PATH=C:\Program Files (x86)\Common Files\Oracle\Java\javapath;C:\WINDOWS\system32;C:\WINDOWS;C:\WINDOWS\System32\Wbem;C:\WINDOWS\System32\WindowsPowerShell\v1.0\;C:\WINDOWS\System32\OpenSSH\;C:\Program Files (x86)\NVIDIA Corporation\PhysX\Common;C:\Program Files\dotnet\;C:\Program Files\NVIDIA Corporation\NVIDIA App\NvDLISR;D:\;C:\Users\Asus\AppData\Local\Programs\Eclipse Adoptium\jdk-25.0.1.8-hotspot\bin;C:\Users\Asus\AppData\Local\Programs\Python\Python313\Scripts\;C:\Users\Asus\AppData\Local\Programs\Python\Python313\;C:\Users\Asus\AppData\Local\Microsoft\WindowsApps;C:\Program Files\JetBrains\PyCharm Community Edition 2024.3.6\bin;;D:\IntelliJ IDEA Community Edition 2024.3.5\bin;;D:\4.4\python;C:\Users\Asus\AppData\Roaming\npm
USERNAME=Asus
OS=Windows_NT
PROCESSOR_IDENTIFIER=Intel64 Family 6 Model 154 Stepping 3, GenuineIntel
TMP=C:\Users\Asus\AppData\Local\Temp
TEMP=C:\Users\Asus\AppData\Local\Temp




Periodic native trim disabled

---------------  S Y S T E M  ---------------

OS:
 Windows 11 , 64 bit Build 26100 (10.0.26100.8328)
OS uptime: 3 days 0:19 hours
Hyper-V role detected

CPU: total 16 (initial active 16) (8 cores per cpu, 2 threads per core) family 6 model 154 stepping 3 microcode 0x434, cx8, cmov, fxsr, ht, mmx, 3dnowpref, sse, sse2, sse3, ssse3, sse4.1, sse4.2, popcnt, lzcnt, tsc, tscinvbit, avx, avx2, aes, erms, clmul, bmi1, bmi2, adx, sha, fma, vzeroupper, clflush, clflushopt, clwb, hv, serialize, rdtscp, rdpid, fsrm, gfni, f16c, cet_ibt, cet_ss
Processor Information for processor 0
  Max Mhz: 2500, Current Mhz: 1532, Mhz Limit: 2500
Processor Information for processor 1
  Max Mhz: 2500, Current Mhz: 2500, Mhz Limit: 2500
Processor Information for processor 2
  Max Mhz: 2500, Current Mhz: 1532, Mhz Limit: 2500
Processor Information for processor 3
  Max Mhz: 2500, Current Mhz: 2500, Mhz Limit: 2500
Processor Information for processor 4
  Max Mhz: 2500, Current Mhz: 2500, Mhz Limit: 2500
Processor Information for processor 5
  Max Mhz: 2500, Current Mhz: 2500, Mhz Limit: 2500
Processor Information for processor 6
  Max Mhz: 2500, Current Mhz: 2500, Mhz Limit: 2500
Processor Information for processor 7
  Max Mhz: 2500, Current Mhz: 2500, Mhz Limit: 2500
Processor Information for processor 8
  Max Mhz: 2500, Current Mhz: 2500, Mhz Limit: 2500
Processor Information for processor 9
  Max Mhz: 2500, Current Mhz: 2500, Mhz Limit: 2500
Processor Information for processor 10
  Max Mhz: 2500, Current Mhz: 2500, Mhz Limit: 2500
Processor Information for processor 11
  Max Mhz: 2500, Current Mhz: 2500, Mhz Limit: 2500
Processor Information for processor 12
  Max Mhz: 2500, Current Mhz: 1527, Mhz Limit: 2500
Processor Information for processor 13
  Max Mhz: 2500, Current Mhz: 1527, Mhz Limit: 2500
Processor Information for processor 14
  Max Mhz: 2500, Current Mhz: 2500, Mhz Limit: 2500
Processor Information for processor 15
  Max Mhz: 2500, Current Mhz: 1527, Mhz Limit: 2500

Memory: 4k page, system-wide physical 16002M (4207M free)
TotalPageFile size 17026M (AvailPageFile size 2145M)
current process WorkingSet (physical memory assigned to process): 612M, peak: 727M
current process commit charge ("private bytes"): 669M, peak: 795M

vm_info: OpenJDK 64-Bit Server VM (24+36-3646) for windows-amd64 JRE (24+36-3646), built on 2025-02-06T00:20:43Z with MS VC++ 17.6 (VS2022)

END.
